model,model_id,turbine_id,archive,probe_date,http_status,error,returned_hours,available_variable_counts,earliest_nonnull_in_probe,latest_nonnull_in_probe,nominal_offset_hours,run_lead_hours,has_nonnull_values,returned_latitude,returned_longitude,response_metadata_fields,source_run_proven,publication_time_proven,exact_point_in_time_proven,fixed_lead_method_accepted,coverage_scope,cache_key,request_url
ecmwf,ecmwf_ifs025,turbine_1,single_runs,2023-03-11,400,"The requested model run is not available. Model: ecmwf_ifs025, run: 2023-03-11T00:00Z",0,{},,,,,False,,,error;reason,False,False,False,False,sampled_dates_only_not_global_archive_bounds,2ea4331b382c68f91bb56612bed3c7ecbd95cae53e7353406295b3cd67c08b88,https://single-runs-api.open-meteo.com/v1/forecast?forecast_hours=49&hourly=wind_speed_10m%2Cwind_speed_100m%2Cwind_direction_10m%2Cwind_direction_100m%2Ctemperature_2m%2Csurface_pressure%2Crelative_humidity_2m%2Cwind_gusts_10m&latitude=43.64515&longitude=78.535604&models=ecmwf_ifs025&run=2023-03-11T00%3A00&temperature_unit=celsius&timezone=GMT&wind_speed_unit=ms
ecmwf,ecmwf_ifs025,turbine_1,single_runs,2025-01-01,400,"The requested model run is not available. Model: ecmwf_ifs025, run: 2025-01-01T00:00Z",0,{},,,,,False,,,error;reason,False,False,False,False,sampled_dates_only_not_global_archive_bounds,bc86d5f6859bdfe6fdd441fef38092a8589b60a572c485a49f57b90d23323de5,https://single-runs-api.open-meteo.com/v1/forecast?forecast_hours=49&hourly=wind_speed_10m%2Cwind_speed_100m%2Cwind_direction_10m%2Cwind_direction_100m%2Ctemperature_2m%2Csurface_pressure%2Crelative_humidity_2m%2Cwind_gusts_10m&latitude=43.64515&longitude=78.535604&models=ecmwf_ifs025&run=2025-01-01T00%3A00&temperature_unit=celsius&timezone=GMT&wind_speed_unit=ms
ecmwf,ecmwf_ifs025,turbine_1,single_runs,2026-02-01,400,"The requested model run is not available. Model: ecmwf_ifs025, run: 2026-02-01T00:00Z",0,{},,,,,False,,,error;reason,False,False,False,False,sampled_dates_only_not_global_archive_bounds,f9d0c43ace1d2c7c15947d3c20733a1e78b09287c531322cae09f181bff42dfe,https://single-runs-api.open-meteo.com/v1/forecast?forecast_hours=49&hourly=wind_speed_10m%2Cwind_speed_100m%2Cwind_direction_10m%2Cwind_direction_100m%2Ctemperature_2m%2Csurface_pressure%2Crelative_humidity_2m%2Cwind_gusts_10m&latitude=43.64515&longitude=78.535604&models=ecmwf_ifs025&run=2026-02-01T00%3A00&temperature_unit=celsius&timezone=GMT&wind_speed_unit=ms
ecmwf,ecmwf_ifs025,turbine_1,previous_runs,2023-03-11,200,,24,"{""relative_humidity_2m_previous_day1"": 0, ""relative_humidity_2m_previous_day2"": 0, ""surface_pressure_previous_day1"": 0, ""surface_pressure_previous_day2"": 0, ""temperature_2m_previous_day1"": 0, ""temperature_2m_previous_day2"": 0, ""wind_direction_100m_previous_day1"": 0, ""wind_direction_100m_previous_day2"": 0, ""wind_direction_10m_previous_day1"": 0, ""wind_direction_10m_previous_day2"": 0, ""wind_gusts_10m_previous_day1"": 0, ""wind_gusts_10m_previous_day2"": 0, ""wind_speed_100m_previous_day1"": 0, ""wind_speed_100m_previous_day2"": 0, ""wind_speed_10m_previous_day1"": 0, ""wind_speed_10m_previous_day2"": 0}",,,,,False,43.75,78.5,latitude;longitude;generationtime_ms;utc_offset_seconds;timezone;timezone_abbreviation;elevation,False,False,False,True,sampled_dates_only_not_global_archive_bounds,0282933679f3b338d62621f1717d38f4dd032772b01a2a7f1938b6b7135757a7,https://previous-runs-api.open-meteo.com/v1/forecast?end_date=2023-03-11&hourly=wind_speed_10m_previous_day1%2Cwind_speed_10m_previous_day2%2Cwind_speed_100m_previous_day1%2Cwind_speed_100m_previous_day2%2Cwind_direction_10m_previous_day1%2Cwind_direction_10m_previous_day2%2Cwind_direction_100m_previous_day1%2Cwind_direction_100m_previous_day2%2Ctemperature_2m_previous_day1%2Ctemperature_2m_previous_day2%2Csurface_pressure_previous_day1%2Csurface_pressure_previous_day2%2Crelative_humidity_2m_previous_day1%2Crelative_humidity_2m_previous_day2%2Cwind_gusts_10m_previous_day1%2Cwind_gusts_10m_previous_day2&latitude=43.64515&longitude=78.535604&models=ecmwf_ifs025&start_date=2023-03-11&temperature_unit=celsius&timezone=GMT&wind_speed_unit=ms
ecmwf,ecmwf_ifs025,turbine_1,previous_runs,2025-01-01,200,,24,"{""relative_humidity_2m_previous_day1"": 24, ""relative_humidity_2m_previous_day2"": 24, ""surface_pressure_previous_day1"": 24, ""surface_pressure_previous_day2"": 24, ""temperature_2m_previous_day1"": 24, ""temperature_2m_previous_day2"": 24, ""wind_direction_100m_previous_day1"": 24, ""wind_direction_100m_previous_day2"": 24, ""wind_direction_10m_previous_day1"": 24, ""wind_direction_10m_previous_day2"": 24, ""wind_gusts_10m_previous_day1"": 0, ""wind_gusts_10m_previous_day2"": 0, ""wind_speed_100m_previous_day1"": 24, ""wind_speed_100m_previous_day2"": 24, ""wind_speed_10m_previous_day1"": 24, ""wind_speed_10m_previous_day2"": 24}",2025-01-01T00:00,2025-01-01T23:00,24;48,,True,43.75,78.5,latitude;longitude;generationtime_ms;utc_offset_seconds;timezone;timezone_abbreviation;elevation,False,False,False,True,sampled_dates_only_not_global_archive_bounds,0d0f41649c71583f825ae9640b6c1f4c99b25396709ef8f07fffa12be6fe8fb8,https://previous-runs-api.open-meteo.com/v1/forecast?end_date=2025-01-01&hourly=wind_speed_10m_previous_day1%2Cwind_speed_10m_previous_day2%2Cwind_speed_100m_previous_day1%2Cwind_speed_100m_previous_day2%2Cwind_direction_10m_previous_day1%2Cwind_direction_10m_previous_day2%2Cwind_direction_100m_previous_day1%2Cwind_direction_100m_previous_day2%2Ctemperature_2m_previous_day1%2Ctemperature_2m_previous_day2%2Csurface_pressure_previous_day1%2Csurface_pressure_previous_day2%2Crelative_humidity_2m_previous_day1%2Crelative_humidity_2m_previous_day2%2Cwind_gusts_10m_previous_day1%2Cwind_gusts_10m_previous_day2&latitude=43.64515&longitude=78.535604&models=ecmwf_ifs025&start_date=2025-01-01&temperature_unit=celsius&timezone=GMT&wind_speed_unit=ms
ecmwf,ecmwf_ifs025,turbine_1,previous_runs,2026-02-01,200,,24,"{""relative_humidity_2m_previous_day1"": 24, ""relative_humidity_2m_previous_day2"": 24, ""surface_pressure_previous_day1"": 24, ""surface_pressure_previous_day2"": 24, ""temperature_2m_previous_day1"": 24, ""temperature_2m_previous_day2"": 24, ""wind_direction_100m_previous_day1"": 24, ""wind_direction_100m_previous_day2"": 24, ""wind_direction_10m_previous_day1"": 24, ""wind_direction_10m_previous_day2"": 24, ""wind_gusts_10m_previous_day1"": 0, ""wind_gusts_10m_previous_day2"": 0, ""wind_speed_100m_previous_day1"": 24, ""wind_speed_100m_previous_day2"": 24, ""wind_speed_10m_previous_day1"": 24, ""wind_speed_10m_previous_day2"": 24}",2026-02-01T00:00,2026-02-01T23:00,24;48,,True,43.75,78.5,latitude;longitude;generationtime_ms;utc_offset_seconds;timezone;timezone_abbreviation;elevation,False,False,False,True,sampled_dates_only_not_global_archive_bounds,d7bf4b4364dd814daf4fa268500ceb90d2840f2afbd09111eb50d1b00406ecd4,https://previous-runs-api.open-meteo.com/v1/forecast?end_date=2026-02-01&hourly=wind_speed_10m_previous_day1%2Cwind_speed_10m_previous_day2%2Cwind_speed_100m_previous_day1%2Cwind_speed_100m_previous_day2%2Cwind_direction_10m_previous_day1%2Cwind_direction_10m_previous_day2%2Cwind_direction_100m_previous_day1%2Cwind_direction_100m_previous_day2%2Ctemperature_2m_previous_day1%2Ctemperature_2m_previous_day2%2Csurface_pressure_previous_day1%2Csurface_pressure_previous_day2%2Crelative_humidity_2m_previous_day1%2Crelative_humidity_2m_previous_day2%2Cwind_gusts_10m_previous_day1%2Cwind_gusts_10m_previous_day2&latitude=43.64515&longitude=78.535604&models=ecmwf_ifs025&start_date=2026-02-01&temperature_unit=celsius&timezone=GMT&wind_speed_unit=ms
ecmwf,ecmwf_ifs025,turbine_2,single_runs,2023-03-11,400,"The requested model run is not available. Model: ecmwf_ifs025, run: 2023-03-11T00:00Z",0,{},,,,,False,,,error;reason,False,False,False,False,sampled_dates_only_not_global_archive_bounds,53d3845adfdd8f0e384176be46d3018e3f5b86f9170990af54957dc31e60ebaa,https://single-runs-api.open-meteo.com/v1/forecast?forecast_hours=49&hourly=wind_speed_10m%2Cwind_speed_100m%2Cwind_direction_10m%2Cwind_direction_100m%2Ctemperature_2m%2Csurface_pressure%2Crelative_humidity_2m%2Cwind_gusts_10m&latitude=43.643198&longitude=78.538828&models=ecmwf_ifs025&run=2023-03-11T00%3A00&temperature_unit=celsius&timezone=GMT&wind_speed_unit=ms
ecmwf,ecmwf_ifs025,turbine_2,single_runs,2025-01-01,400,"The requested model run is not available. Model: ecmwf_ifs025, run: 2025-01-01T00:00Z",0,{},,,,,False,,,error;reason,False,False,False,False,sampled_dates_only_not_global_archive_bounds,1b2c24887f16dcdc335c9dfa7a474e2e9c449fbbb775ea4ef2c385ec8fea3124,https://single-runs-api.open-meteo.com/v1/forecast?forecast_hours=49&hourly=wind_speed_10m%2Cwind_speed_100m%2Cwind_direction_10m%2Cwind_direction_100m%2Ctemperature_2m%2Csurface_pressure%2Crelative_humidity_2m%2Cwind_gusts_10m&latitude=43.643198&longitude=78.538828&models=ecmwf_ifs025&run=2025-01-01T00%3A00&temperature_unit=celsius&timezone=GMT&wind_speed_unit=ms
ecmwf,ecmwf_ifs025,turbine_2,single_runs,2026-02-01,400,"The requested model run is not available. Model: ecmwf_ifs025, run: 2026-02-01T00:00Z",0,{},,,,,False,,,error;reason,False,False,False,False,sampled_dates_only_not_global_archive_bounds,95253d467f4e834077d397ae6f8870af36e61fd012cd21a39a06845dda4baaa2,https://single-runs-api.open-meteo.com/v1/forecast?forecast_hours=49&hourly=wind_speed_10m%2Cwind_speed_100m%2Cwind_direction_10m%2Cwind_direction_100m%2Ctemperature_2m%2Csurface_pressure%2Crelative_humidity_2m%2Cwind_gusts_10m&latitude=43.643198&longitude=78.538828&models=ecmwf_ifs025&run=2026-02-01T00%3A00&temperature_unit=celsius&timezone=GMT&wind_speed_unit=ms
ecmwf,ecmwf_ifs025,turbine_2,previous_runs,2023-03-11,200,,24,"{""relative_humidity_2m_previous_day1"": 0, ""relative_humidity_2m_previous_day2"": 0, ""surface_pressure_previous_day1"": 0, ""surface_pressure_previous_day2"": 0, ""temperature_2m_previous_day1"": 0, ""temperature_2m_previous_day2"": 0, ""wind_direction_100m_previous_day1"": 0, ""wind_direction_100m_previous_day2"": 0, ""wind_direction_10m_previous_day1"": 0, ""wind_direction_10m_previous_day2"": 0, ""wind_gusts_10m_previous_day1"": 0, ""wind_gusts_10m_previous_day2"": 0, ""wind_speed_100m_previous_day1"": 0, ""wind_speed_100m_previous_day2"": 0, ""wind_speed_10m_previous_day1"": 0, ""wind_speed_10m_previous_day2"": 0}",,,,,False,43.75,78.5,latitude;longitude;generationtime_ms;utc_offset_seconds;timezone;timezone_abbreviation;elevation,False,False,False,True,sampled_dates_only_not_global_archive_bounds,2d9aba7f13fba638a203b28fad67d48b64a1b143099ac0ff4b7a3b15ddf64de8,https://previous-runs-api.open-meteo.com/v1/forecast?end_date=2023-03-11&hourly=wind_speed_10m_previous_day1%2Cwind_speed_10m_previous_day2%2Cwind_speed_100m_previous_day1%2Cwind_speed_100m_previous_day2%2Cwind_direction_10m_previous_day1%2Cwind_direction_10m_previous_day2%2Cwind_direction_100m_previous_day1%2Cwind_direction_100m_previous_day2%2Ctemperature_2m_previous_day1%2Ctemperature_2m_previous_day2%2Csurface_pressure_previous_day1%2Csurface_pressure_previous_day2%2Crelative_humidity_2m_previous_day1%2Crelative_humidity_2m_previous_day2%2Cwind_gusts_10m_previous_day1%2Cwind_gusts_10m_previous_day2&latitude=43.643198&longitude=78.538828&models=ecmwf_ifs025&start_date=2023-03-11&temperature_unit=celsius&timezone=GMT&wind_speed_unit=ms
ecmwf,ecmwf_ifs025,turbine_2,previous_runs,2025-01-01,200,,24,"{""relative_humidity_2m_previous_day1"": 24, ""relative_humidity_2m_previous_day2"": 24, ""surface_pressure_previous_day1"": 24, ""surface_pressure_previous_day2"": 24, ""temperature_2m_previous_day1"": 24, ""temperature_2m_previous_day2"": 24, ""wind_direction_100m_previous_day1"": 24, ""wind_direction_100m_previous_day2"": 24, ""wind_direction_10m_previous_day1"": 24, ""wind_direction_10m_previous_day2"": 24, ""wind_gusts_10m_previous_day1"": 0, ""wind_gusts_10m_previous_day2"": 0, ""wind_speed_100m_previous_day1"": 24, ""wind_speed_100m_previous_day2"": 24, ""wind_speed_10m_previous_day1"": 24, ""wind_speed_10m_previous_day2"": 24}",2025-01-01T00:00,2025-01-01T23:00,24;48,,True,43.75,78.5,latitude;longitude;generationtime_ms;utc_offset_seconds;timezone;timezone_abbreviation;elevation,False,False,False,True,sampled_dates_only_not_global_archive_bounds,7061c8142ebf7bbc125e33a0a1e5a7668b6fa87d0dd02ecba7fff10b01cf16b0,https://previous-runs-api.open-meteo.com/v1/forecast?end_date=2025-01-01&hourly=wind_speed_10m_previous_day1%2Cwind_speed_10m_previous_day2%2Cwind_speed_100m_previous_day1%2Cwind_speed_100m_previous_day2%2Cwind_direction_10m_previous_day1%2Cwind_direction_10m_previous_day2%2Cwind_direction_100m_previous_day1%2Cwind_direction_100m_previous_day2%2Ctemperature_2m_previous_day1%2Ctemperature_2m_previous_day2%2Csurface_pressure_previous_day1%2Csurface_pressure_previous_day2%2Crelative_humidity_2m_previous_day1%2Crelative_humidity_2m_previous_day2%2Cwind_gusts_10m_previous_day1%2Cwind_gusts_10m_previous_day2&latitude=43.643198&longitude=78.538828&models=ecmwf_ifs025&start_date=2025-01-01&temperature_unit=celsius&timezone=GMT&wind_speed_unit=ms
ecmwf,ecmwf_ifs025,turbine_2,previous_runs,2026-02-01,200,,24,"{""relative_humidity_2m_previous_day1"": 24, ""relative_humidity_2m_previous_day2"": 24, ""surface_pressure_previous_day1"": 24, ""surface_pressure_previous_day2"": 24, ""temperature_2m_previous_day1"": 24, ""temperature_2m_previous_day2"": 24, ""wind_direction_100m_previous_day1"": 24, ""wind_direction_100m_previous_day2"": 24, ""wind_direction_10m_previous_day1"": 24, ""wind_direction_10m_previous_day2"": 24, ""wind_gusts_10m_previous_day1"": 0, ""wind_gusts_10m_previous_day2"": 0, ""wind_speed_100m_previous_day1"": 24, ""wind_speed_100m_previous_day2"": 24, ""wind_speed_10m_previous_day1"": 24, ""wind_speed_10m_previous_day2"": 24}",2026-02-01T00:00,2026-02-01T23:00,24;48,,True,43.75,78.5,latitude;longitude;generationtime_ms;utc_offset_seconds;timezone;timezone_abbreviation;elevation,False,False,False,True,sampled_dates_only_not_global_archive_bounds,d910c4b8d079c7c494a1b6da3febce7bf854403537509a36f56dab560765bc5d,https://previous-runs-api.open-meteo.com/v1/forecast?end_date=2026-02-01&hourly=wind_speed_10m_previous_day1%2Cwind_speed_10m_previous_day2%2Cwind_speed_100m_previous_day1%2Cwind_speed_100m_previous_day2%2Cwind_direction_10m_previous_day1%2Cwind_direction_10m_previous_day2%2Cwind_direction_100m_previous_day1%2Cwind_direction_100m_previous_day2%2Ctemperature_2m_previous_day1%2Ctemperature_2m_previous_day2%2Csurface_pressure_previous_day1%2Csurface_pressure_previous_day2%2Crelative_humidity_2m_previous_day1%2Crelative_humidity_2m_previous_day2%2Cwind_gusts_10m_previous_day1%2Cwind_gusts_10m_previous_day2&latitude=43.643198&longitude=78.538828&models=ecmwf_ifs025&start_date=2026-02-01&temperature_unit=celsius&timezone=GMT&wind_speed_unit=ms
gfs,gfs_global,turbine_1,single_runs,2023-03-11,400,"The requested model run is not available. Model: ncep_gfs013, run: 2023-03-11T00:00Z",0,{},,,,,False,,,error;reason,False,False,False,False,sampled_dates_only_not_global_archive_bounds,d7e55bfd6855a7bee3753339a46412bddbbc795da8fb8b5ea92e0207112039ae,https://single-runs-api.open-meteo.com/v1/forecast?forecast_hours=49&hourly=wind_speed_10m%2Cwind_speed_100m%2Cwind_direction_10m%2Cwind_direction_100m%2Ctemperature_2m%2Csurface_pressure%2Crelative_humidity_2m%2Cwind_gusts_10m&latitude=43.64515&longitude=78.535604&models=gfs_global&run=2023-03-11T00%3A00&temperature_unit=celsius&timezone=GMT&wind_speed_unit=ms
gfs,gfs_global,turbine_1,single_runs,2025-01-01,400,"The requested model run is not available. Model: ncep_gfs013, run: 2025-01-01T00:00Z",0,{},,,,,False,,,reason;error,False,False,False,False,sampled_dates_only_not_global_archive_bounds,d1edc1bbe90362ba1ba455a084c11dfc810598433d28a9d46073e4a8cd363484,https://single-runs-api.open-meteo.com/v1/forecast?forecast_hours=49&hourly=wind_speed_10m%2Cwind_speed_100m%2Cwind_direction_10m%2Cwind_direction_100m%2Ctemperature_2m%2Csurface_pressure%2Crelative_humidity_2m%2Cwind_gusts_10m&latitude=43.64515&longitude=78.535604&models=gfs_global&run=2025-01-01T00%3A00&temperature_unit=celsius&timezone=GMT&wind_speed_unit=ms
gfs,gfs_global,turbine_1,single_runs,2026-02-01,400,"The requested model run is not available. Model: ncep_gfs013, run: 2026-02-01T00:00Z",0,{},,,,,False,,,reason;error,False,False,False,False,sampled_dates_only_not_global_archive_bounds,13d5b3f1207658b02c5d076d6102c1a862bfac71068336ad1a2d034418256b94,https://single-runs-api.open-meteo.com/v1/forecast?forecast_hours=49&hourly=wind_speed_10m%2Cwind_speed_100m%2Cwind_direction_10m%2Cwind_direction_100m%2Ctemperature_2m%2Csurface_pressure%2Crelative_humidity_2m%2Cwind_gusts_10m&latitude=43.64515&longitude=78.535604&models=gfs_global&run=2026-02-01T00%3A00&temperature_unit=celsius&timezone=GMT&wind_speed_unit=ms
gfs,gfs_global,turbine_1,previous_runs,2023-03-11,200,,24,"{""relative_humidity_2m_previous_day1"": 0, ""relative_humidity_2m_previous_day2"": 0, ""surface_pressure_previous_day1"": 0, ""surface_pressure_previous_day2"": 0, ""temperature_2m_previous_day1"": 24, ""temperature_2m_previous_day2"": 24, ""wind_direction_100m_previous_day1"": 0, ""wind_direction_100m_previous_day2"": 0, ""wind_direction_10m_previous_day1"": 0, ""wind_direction_10m_previous_day2"": 0, ""wind_gusts_10m_previous_day1"": 0, ""wind_gusts_10m_previous_day2"": 0, ""wind_speed_100m_previous_day1"": 0, ""wind_speed_100m_previous_day2"": 0, ""wind_speed_10m_previous_day1"": 0, ""wind_speed_10m_previous_day2"": 0}",2023-03-11T00:00,2023-03-11T23:00,24;48,,True,43.638138,78.515625,latitude;longitude;generationtime_ms;utc_offset_seconds;timezone;timezone_abbreviation;elevation,False,False,False,True,sampled_dates_only_not_global_archive_bounds,ec873feb1f2c1bd463c739a0656baa2e0c05f55945b8be9cdc719b8c333c524f,https://previous-runs-api.open-meteo.com/v1/forecast?end_date=2023-03-11&hourly=wind_speed_10m_previous_day1%2Cwind_speed_10m_previous_day2%2Cwind_speed_100m_previous_day1%2Cwind_speed_100m_previous_day2%2Cwind_direction_10m_previous_day1%2Cwind_direction_10m_previous_day2%2Cwind_direction_100m_previous_day1%2Cwind_direction_100m_previous_day2%2Ctemperature_2m_previous_day1%2Ctemperature_2m_previous_day2%2Csurface_pressure_previous_day1%2Csurface_pressure_previous_day2%2Crelative_humidity_2m_previous_day1%2Crelative_humidity_2m_previous_day2%2Cwind_gusts_10m_previous_day1%2Cwind_gusts_10m_previous_day2&latitude=43.64515&longitude=78.535604&models=gfs_global&start_date=2023-03-11&temperature_unit=celsius&timezone=GMT&wind_speed_unit=ms
gfs,gfs_global,turbine_1,previous_runs,2025-01-01,200,,24,"{""relative_humidity_2m_previous_day1"": 24, ""relative_humidity_2m_previous_day2"": 24, ""surface_pressure_previous_day1"": 24, ""surface_pressure_previous_day2"": 24, ""temperature_2m_previous_day1"": 24, ""temperature_2m_previous_day2"": 24, ""wind_direction_100m_previous_day1"": 24, ""wind_direction_100m_previous_day2"": 24, ""wind_direction_10m_previous_day1"": 24, ""wind_direction_10m_previous_day2"": 24, ""wind_gusts_10m_previous_day1"": 24, ""wind_gusts_10m_previous_day2"": 24, ""wind_speed_100m_previous_day1"": 24, ""wind_speed_100m_previous_day2"": 24, ""wind_speed_10m_previous_day1"": 24, ""wind_speed_10m_previous_day2"": 24}",2025-01-01T00:00,2025-01-01T23:00,24;48,,True,43.638138,78.515625,latitude;longitude;generationtime_ms;utc_offset_seconds;timezone;timezone_abbreviation;elevation,False,False,False,True,sampled_dates_only_not_global_archive_bounds,719b9a12dac8354f5f1e1dcc65686ffadc40e0f10b1f009ca63ac7418b99693f,https://previous-runs-api.open-meteo.com/v1/forecast?end_date=2025-01-01&hourly=wind_speed_10m_previous_day1%2Cwind_speed_10m_previous_day2%2Cwind_speed_100m_previous_day1%2Cwind_speed_100m_previous_day2%2Cwind_direction_10m_previous_day1%2Cwind_direction_10m_previous_day2%2Cwind_direction_100m_previous_day1%2Cwind_direction_100m_previous_day2%2Ctemperature_2m_previous_day1%2Ctemperature_2m_previous_day2%2Csurface_pressure_previous_day1%2Csurface_pressure_previous_day2%2Crelative_humidity_2m_previous_day1%2Crelative_humidity_2m_previous_day2%2Cwind_gusts_10m_previous_day1%2Cwind_gusts_10m_previous_day2&latitude=43.64515&longitude=78.535604&models=gfs_global&start_date=2025-01-01&temperature_unit=celsius&timezone=GMT&wind_speed_unit=ms
gfs,gfs_global,turbine_1,previous_runs,2026-02-01,200,,24,"{""relative_humidity_2m_previous_day1"": 24, ""relative_humidity_2m_previous_day2"": 24, ""surface_pressure_previous_day1"": 24, ""surface_pressure_previous_day2"": 24, ""temperature_2m_previous_day1"": 24, ""temperature_2m_previous_day2"": 24, ""wind_direction_100m_previous_day1"": 24, ""wind_direction_100m_previous_day2"": 24, ""wind_direction_10m_previous_day1"": 24, ""wind_direction_10m_previous_day2"": 24, ""wind_gusts_10m_previous_day1"": 24, ""wind_gusts_10m_previous_day2"": 24, ""wind_speed_100m_previous_day1"": 24, ""wind_speed_100m_previous_day2"": 24, ""wind_speed_10m_previous_day1"": 24, ""wind_speed_10m_previous_day2"": 24}",2026-02-01T00:00,2026-02-01T23:00,24;48,,True,43.638138,78.515625,latitude;longitude;generationtime_ms;utc_offset_seconds;timezone;timezone_abbreviation;elevation,False,False,False,True,sampled_dates_only_not_global_archive_bounds,d17d8e1ab986e4f5a3ea8ba8e003cfee5a07f3b177087d216970f290b5db4652,https://previous-runs-api.open-meteo.com/v1/forecast?end_date=2026-02-01&hourly=wind_speed_10m_previous_day1%2Cwind_speed_10m_previous_day2%2Cwind_speed_100m_previous_day1%2Cwind_speed_100m_previous_day2%2Cwind_direction_10m_previous_day1%2Cwind_direction_10m_previous_day2%2Cwind_direction_100m_previous_day1%2Cwind_direction_100m_previous_day2%2Ctemperature_2m_previous_day1%2Ctemperature_2m_previous_day2%2Csurface_pressure_previous_day1%2Csurface_pressure_previous_day2%2Crelative_humidity_2m_previous_day1%2Crelative_humidity_2m_previous_day2%2Cwind_gusts_10m_previous_day1%2Cwind_gusts_10m_previous_day2&latitude=43.64515&longitude=78.535604&models=gfs_global&start_date=2026-02-01&temperature_unit=celsius&timezone=GMT&wind_speed_unit=ms
gfs,gfs_global,turbine_2,single_runs,2023-03-11,400,"The requested model run is not available. Model: ncep_gfs013, run: 2023-03-11T00:00Z",0,{},,,,,False,,,reason;error,False,False,False,False,sampled_dates_only_not_global_archive_bounds,cd79ad543a3680b8f5dea59dce48a03e7b0d78d6584bf380ae2fe7995fb82dec,https://single-runs-api.open-meteo.com/v1/forecast?forecast_hours=49&hourly=wind_speed_10m%2Cwind_speed_100m%2Cwind_direction_10m%2Cwind_direction_100m%2Ctemperature_2m%2Csurface_pressure%2Crelative_humidity_2m%2Cwind_gusts_10m&latitude=43.643198&longitude=78.538828&models=gfs_global&run=2023-03-11T00%3A00&temperature_unit=celsius&timezone=GMT&wind_speed_unit=ms
gfs,gfs_global,turbine_2,single_runs,2025-01-01,400,"The requested model run is not available. Model: ncep_gfs013, run: 2025-01-01T00:00Z",0,{},,,,,False,,,error;reason,False,False,False,False,sampled_dates_only_not_global_archive_bounds,ae8fe0e32027f4b8f1008275b5e7043aa62184c1dacd3113588049d0f76be064,https://single-runs-api.open-meteo.com/v1/forecast?forecast_hours=49&hourly=wind_speed_10m%2Cwind_speed_100m%2Cwind_direction_10m%2Cwind_direction_100m%2Ctemperature_2m%2Csurface_pressure%2Crelative_humidity_2m%2Cwind_gusts_10m&latitude=43.643198&longitude=78.538828&models=gfs_global&run=2025-01-01T00%3A00&temperature_unit=celsius&timezone=GMT&wind_speed_unit=ms
gfs,gfs_global,turbine_2,single_runs,2026-02-01,400,"The requested model run is not available. Model: ncep_gfs013, run: 2026-02-01T00:00Z",0,{},,,,,False,,,error;reason,False,False,False,False,sampled_dates_only_not_global_archive_bounds,d109bbca287123b29582372fa2f88deac5bc0a72e3829920bec876aec3ee0ee0,https://single-runs-api.open-meteo.com/v1/forecast?forecast_hours=49&hourly=wind_speed_10m%2Cwind_speed_100m%2Cwind_direction_10m%2Cwind_direction_100m%2Ctemperature_2m%2Csurface_pressure%2Crelative_humidity_2m%2Cwind_gusts_10m&latitude=43.643198&longitude=78.538828&models=gfs_global&run=2026-02-01T00%3A00&temperature_unit=celsius&timezone=GMT&wind_speed_unit=ms
gfs,gfs_global,turbine_2,previous_runs,2023-03-11,200,,24,"{""relative_humidity_2m_previous_day1"": 0, ""relative_humidity_2m_previous_day2"": 0, ""surface_pressure_previous_day1"": 0, ""surface_pressure_previous_day2"": 0, ""temperature_2m_previous_day1"": 24, ""temperature_2m_previous_day2"": 24, ""wind_direction_100m_previous_day1"": 0, ""wind_direction_100m_previous_day2"": 0, ""wind_direction_10m_previous_day1"": 0, ""wind_direction_10m_previous_day2"": 0, ""wind_gusts_10m_previous_day1"": 0, ""wind_gusts_10m_previous_day2"": 0, ""wind_speed_100m_previous_day1"": 0, ""wind_speed_100m_previous_day2"": 0, ""wind_speed_10m_previous_day1"": 0, ""wind_speed_10m_previous_day2"": 0}",2023-03-11T00:00,2023-03-11T23:00,24;48,,True,43.638138,78.515625,latitude;longitude;generationtime_ms;utc_offset_seconds;timezone;timezone_abbreviation;elevation,False,False,False,True,sampled_dates_only_not_global_archive_bounds,eeddba91e1024274c8205bfb3d6c2970ee3ddb82e00309ef7b640bd76c199ea5,https://previous-runs-api.open-meteo.com/v1/forecast?end_date=2023-03-11&hourly=wind_speed_10m_previous_day1%2Cwind_speed_10m_previous_day2%2Cwind_speed_100m_previous_day1%2Cwind_speed_100m_previous_day2%2Cwind_direction_10m_previous_day1%2Cwind_direction_10m_previous_day2%2Cwind_direction_100m_previous_day1%2Cwind_direction_100m_previous_day2%2Ctemperature_2m_previous_day1%2Ctemperature_2m_previous_day2%2Csurface_pressure_previous_day1%2Csurface_pressure_previous_day2%2Crelative_humidity_2m_previous_day1%2Crelative_humidity_2m_previous_day2%2Cwind_gusts_10m_previous_day1%2Cwind_gusts_10m_previous_day2&latitude=43.643198&longitude=78.538828&models=gfs_global&start_date=2023-03-11&temperature_unit=celsius&timezone=GMT&wind_speed_unit=ms
gfs,gfs_global,turbine_2,previous_runs,2025-01-01,200,,24,"{""relative_humidity_2m_previous_day1"": 24, ""relative_humidity_2m_previous_day2"": 24, ""surface_pressure_previous_day1"": 24, ""surface_pressure_previous_day2"": 24, ""temperature_2m_previous_day1"": 24, ""temperature_2m_previous_day2"": 24, ""wind_direction_100m_previous_day1"": 24, ""wind_direction_100m_previous_day2"": 24, ""wind_direction_10m_previous_day1"": 24, ""wind_direction_10m_previous_day2"": 24, ""wind_gusts_10m_previous_day1"": 24, ""wind_gusts_10m_previous_day2"": 24, ""wind_speed_100m_previous_day1"": 24, ""wind_speed_100m_previous_day2"": 24, ""wind_speed_10m_previous_day1"": 24, ""wind_speed_10m_previous_day2"": 24}",2025-01-01T00:00,2025-01-01T23:00,24;48,,True,43.638138,78.515625,latitude;longitude;generationtime_ms;utc_offset_seconds;timezone;timezone_abbreviation;elevation,False,False,False,True,sampled_dates_only_not_global_archive_bounds,855b0bd36dd6d2dc79674fffda47662e11e95026db7ff960b5e169335e26ad97,https://previous-runs-api.open-meteo.com/v1/forecast?end_date=2025-01-01&hourly=wind_speed_10m_previous_day1%2Cwind_speed_10m_previous_day2%2Cwind_speed_100m_previous_day1%2Cwind_speed_100m_previous_day2%2Cwind_direction_10m_previous_day1%2Cwind_direction_10m_previous_day2%2Cwind_direction_100m_previous_day1%2Cwind_direction_100m_previous_day2%2Ctemperature_2m_previous_day1%2Ctemperature_2m_previous_day2%2Csurface_pressure_previous_day1%2Csurface_pressure_previous_day2%2Crelative_humidity_2m_previous_day1%2Crelative_humidity_2m_previous_day2%2Cwind_gusts_10m_previous_day1%2Cwind_gusts_10m_previous_day2&latitude=43.643198&longitude=78.538828&models=gfs_global&start_date=2025-01-01&temperature_unit=celsius&timezone=GMT&wind_speed_unit=ms
gfs,gfs_global,turbine_2,previous_runs,2026-02-01,200,,24,"{""relative_humidity_2m_previous_day1"": 24, ""relative_humidity_2m_previous_day2"": 24, ""surface_pressure_previous_day1"": 24, ""surface_pressure_previous_day2"": 24, ""temperature_2m_previous_day1"": 24, ""temperature_2m_previous_day2"": 24, ""wind_direction_100m_previous_day1"": 24, ""wind_direction_100m_previous_day2"": 24, ""wind_direction_10m_previous_day1"": 24, ""wind_direction_10m_previous_day2"": 24, ""wind_gusts_10m_previous_day1"": 24, ""wind_gusts_10m_previous_day2"": 24, ""wind_speed_100m_previous_day1"": 24, ""wind_speed_100m_previous_day2"": 24, ""wind_speed_10m_previous_day1"": 24, ""wind_speed_10m_previous_day2"": 24}",2026-02-01T00:00,2026-02-01T23:00,24;48,,True,43.638138,78.515625,latitude;longitude;generationtime_ms;utc_offset_seconds;timezone;timezone_abbreviation;elevation,False,False,False,True,sampled_dates_only_not_global_archive_bounds,410d35826939d45cef26e38b8cfa0baee83f07379cdaf59535d22f704161e834,https://previous-runs-api.open-meteo.com/v1/forecast?end_date=2026-02-01&hourly=wind_speed_10m_previous_day1%2Cwind_speed_10m_previous_day2%2Cwind_speed_100m_previous_day1%2Cwind_speed_100m_previous_day2%2Cwind_direction_10m_previous_day1%2Cwind_direction_10m_previous_day2%2Cwind_direction_100m_previous_day1%2Cwind_direction_100m_previous_day2%2Ctemperature_2m_previous_day1%2Ctemperature_2m_previous_day2%2Csurface_pressure_previous_day1%2Csurface_pressure_previous_day2%2Crelative_humidity_2m_previous_day1%2Crelative_humidity_2m_previous_day2%2Cwind_gusts_10m_previous_day1%2Cwind_gusts_10m_previous_day2&latitude=43.643198&longitude=78.538828&models=gfs_global&start_date=2026-02-01&temperature_unit=celsius&timezone=GMT&wind_speed_unit=ms
icon,icon_global,turbine_1,single_runs,2023-03-11,400,"The requested model run is not available. Model: dwd_icon, run: 2023-03-11T00:00Z",0,{},,,,,False,,,error;reason,False,False,False,False,sampled_dates_only_not_global_archive_bounds,bc35b14eaa8e0283960471941228d68a0acbbb7fd76b79943aca2d1719b5e193,https://single-runs-api.open-meteo.com/v1/forecast?forecast_hours=49&hourly=wind_speed_10m%2Cwind_speed_100m%2Cwind_direction_10m%2Cwind_direction_100m%2Ctemperature_2m%2Csurface_pressure%2Crelative_humidity_2m%2Cwind_gusts_10m&latitude=43.64515&longitude=78.535604&models=icon_global&run=2023-03-11T00%3A00&temperature_unit=celsius&timezone=GMT&wind_speed_unit=ms
icon,icon_global,turbine_1,single_runs,2025-01-01,400,"The requested model run is not available. Model: dwd_icon, run: 2025-01-01T00:00Z",0,{},,,,,False,,,error;reason,False,False,False,False,sampled_dates_only_not_global_archive_bounds,9888f34726cce6d0669339f52084511f73fb674dc7c566a4ce5a0076d47d4581,https://single-runs-api.open-meteo.com/v1/forecast?forecast_hours=49&hourly=wind_speed_10m%2Cwind_speed_100m%2Cwind_direction_10m%2Cwind_direction_100m%2Ctemperature_2m%2Csurface_pressure%2Crelative_humidity_2m%2Cwind_gusts_10m&latitude=43.64515&longitude=78.535604&models=icon_global&run=2025-01-01T00%3A00&temperature_unit=celsius&timezone=GMT&wind_speed_unit=ms
icon,icon_global,turbine_1,single_runs,2026-02-01,400,"The requested model run is not available. Model: dwd_icon, run: 2026-02-01T00:00Z",0,{},,,,,False,,,reason;error,False,False,False,False,sampled_dates_only_not_global_archive_bounds,a65de5cfd17367282d8a8457a45632d74688a380e9e4d1759e68aaca35aa10ac,https://single-runs-api.open-meteo.com/v1/forecast?forecast_hours=49&hourly=wind_speed_10m%2Cwind_speed_100m%2Cwind_direction_10m%2Cwind_direction_100m%2Ctemperature_2m%2Csurface_pressure%2Crelative_humidity_2m%2Cwind_gusts_10m&latitude=43.64515&longitude=78.535604&models=icon_global&run=2026-02-01T00%3A00&temperature_unit=celsius&timezone=GMT&wind_speed_unit=ms
icon,icon_global,turbine_1,previous_runs,2023-03-11,200,,24,"{""relative_humidity_2m_previous_day1"": 0, ""relative_humidity_2m_previous_day2"": 0, ""surface_pressure_previous_day1"": 0, ""surface_pressure_previous_day2"": 0, ""temperature_2m_previous_day1"": 0, ""temperature_2m_previous_day2"": 0, ""wind_direction_100m_previous_day1"": 0, ""wind_direction_100m_previous_day2"": 0, ""wind_direction_10m_previous_day1"": 0, ""wind_direction_10m_previous_day2"": 0, ""wind_gusts_10m_previous_day1"": 0, ""wind_gusts_10m_previous_day2"": 0, ""wind_speed_100m_previous_day1"": 0, ""wind_speed_100m_previous_day2"": 0, ""wind_speed_10m_previous_day1"": 0, ""wind_speed_10m_previous_day2"": 0}",,,,,False,43.625,78.5,latitude;longitude;generationtime_ms;utc_offset_seconds;timezone;timezone_abbreviation;elevation,False,False,False,True,sampled_dates_only_not_global_archive_bounds,e8e49239e6eff5687ffe2dc4eb50cd6f4eab80e87fb7db7bcfd70aa62e273bbe,https://previous-runs-api.open-meteo.com/v1/forecast?end_date=2023-03-11&hourly=wind_speed_10m_previous_day1%2Cwind_speed_10m_previous_day2%2Cwind_speed_100m_previous_day1%2Cwind_speed_100m_previous_day2%2Cwind_direction_10m_previous_day1%2Cwind_direction_10m_previous_day2%2Cwind_direction_100m_previous_day1%2Cwind_direction_100m_previous_day2%2Ctemperature_2m_previous_day1%2Ctemperature_2m_previous_day2%2Csurface_pressure_previous_day1%2Csurface_pressure_previous_day2%2Crelative_humidity_2m_previous_day1%2Crelative_humidity_2m_previous_day2%2Cwind_gusts_10m_previous_day1%2Cwind_gusts_10m_previous_day2&latitude=43.64515&longitude=78.535604&models=icon_global&start_date=2023-03-11&temperature_unit=celsius&timezone=GMT&wind_speed_unit=ms
icon,icon_global,turbine_1,previous_runs,2025-01-01,200,,24,"{""relative_humidity_2m_previous_day1"": 24, ""relative_humidity_2m_previous_day2"": 24, ""surface_pressure_previous_day1"": 24, ""surface_pressure_previous_day2"": 24, ""temperature_2m_previous_day1"": 24, ""temperature_2m_previous_day2"": 24, ""wind_direction_100m_previous_day1"": 24, ""wind_direction_100m_previous_day2"": 24, ""wind_direction_10m_previous_day1"": 24, ""wind_direction_10m_previous_day2"": 24, ""wind_gusts_10m_previous_day1"": 24, ""wind_gusts_10m_previous_day2"": 24, ""wind_speed_100m_previous_day1"": 24, ""wind_speed_100m_previous_day2"": 24, ""wind_speed_10m_previous_day1"": 24, ""wind_speed_10m_previous_day2"": 24}",2025-01-01T00:00,2025-01-01T23:00,24;48,,True,43.625,78.5,latitude;longitude;generationtime_ms;utc_offset_seconds;timezone;timezone_abbreviation;elevation,False,False,False,True,sampled_dates_only_not_global_archive_bounds,1695108ecb77827e0cbf9ddebd10e796e4227fb51a6db446570a598d4382c719,https://previous-runs-api.open-meteo.com/v1/forecast?end_date=2025-01-01&hourly=wind_speed_10m_previous_day1%2Cwind_speed_10m_previous_day2%2Cwind_speed_100m_previous_day1%2Cwind_speed_100m_previous_day2%2Cwind_direction_10m_previous_day1%2Cwind_direction_10m_previous_day2%2Cwind_direction_100m_previous_day1%2Cwind_direction_100m_previous_day2%2Ctemperature_2m_previous_day1%2Ctemperature_2m_previous_day2%2Csurface_pressure_previous_day1%2Csurface_pressure_previous_day2%2Crelative_humidity_2m_previous_day1%2Crelative_humidity_2m_previous_day2%2Cwind_gusts_10m_previous_day1%2Cwind_gusts_10m_previous_day2&latitude=43.64515&longitude=78.535604&models=icon_global&start_date=2025-01-01&temperature_unit=celsius&timezone=GMT&wind_speed_unit=ms
icon,icon_global,turbine_1,previous_runs,2026-02-01,200,,24,"{""relative_humidity_2m_previous_day1"": 24, ""relative_humidity_2m_previous_day2"": 24, ""surface_pressure_previous_day1"": 24, ""surface_pressure_previous_day2"": 24, ""temperature_2m_previous_day1"": 24, ""temperature_2m_previous_day2"": 24, ""wind_direction_100m_previous_day1"": 24, ""wind_direction_100m_previous_day2"": 24, ""wind_direction_10m_previous_day1"": 24, ""wind_direction_10m_previous_day2"": 24, ""wind_gusts_10m_previous_day1"": 24, ""wind_gusts_10m_previous_day2"": 24, ""wind_speed_100m_previous_day1"": 24, ""wind_speed_100m_previous_day2"": 24, ""wind_speed_10m_previous_day1"": 24, ""wind_speed_10m_previous_day2"": 24}",2026-02-01T00:00,2026-02-01T23:00,24;48,,True,43.625,78.5,latitude;longitude;generationtime_ms;utc_offset_seconds;timezone;timezone_abbreviation;elevation,False,False,False,True,sampled_dates_only_not_global_archive_bounds,a3e13caf8c08ae66029d7323c86eb39e40e62a2c4f86ea063b0a2ac25fc49f2a,https://previous-runs-api.open-meteo.com/v1/forecast?end_date=2026-02-01&hourly=wind_speed_10m_previous_day1%2Cwind_speed_10m_previous_day2%2Cwind_speed_100m_previous_day1%2Cwind_speed_100m_previous_day2%2Cwind_direction_10m_previous_day1%2Cwind_direction_10m_previous_day2%2Cwind_direction_100m_previous_day1%2Cwind_direction_100m_previous_day2%2Ctemperature_2m_previous_day1%2Ctemperature_2m_previous_day2%2Csurface_pressure_previous_day1%2Csurface_pressure_previous_day2%2Crelative_humidity_2m_previous_day1%2Crelative_humidity_2m_previous_day2%2Cwind_gusts_10m_previous_day1%2Cwind_gusts_10m_previous_day2&latitude=43.64515&longitude=78.535604&models=icon_global&start_date=2026-02-01&temperature_unit=celsius&timezone=GMT&wind_speed_unit=ms
icon,icon_global,turbine_2,single_runs,2023-03-11,400,"The requested model run is not available. Model: dwd_icon, run: 2023-03-11T00:00Z",0,{},,,,,False,,,error;reason,False,False,False,False,sampled_dates_only_not_global_archive_bounds,6f4f1e9e462af054808bac4e46cc33729dd23fb10380a8a9323351aa1e957790,https://single-runs-api.open-meteo.com/v1/forecast?forecast_hours=49&hourly=wind_speed_10m%2Cwind_speed_100m%2Cwind_direction_10m%2Cwind_direction_100m%2Ctemperature_2m%2Csurface_pressure%2Crelative_humidity_2m%2Cwind_gusts_10m&latitude=43.643198&longitude=78.538828&models=icon_global&run=2023-03-11T00%3A00&temperature_unit=celsius&timezone=GMT&wind_speed_unit=ms
icon,icon_global,turbine_2,single_runs,2025-01-01,400,"The requested model run is not available. Model: dwd_icon, run: 2025-01-01T00:00Z",0,{},,,,,False,,,error;reason,False,False,False,False,sampled_dates_only_not_global_archive_bounds,a62df957be19af54d31dd7482f468c555f955726d738bdc9b04e7fcc1532c6ef,https://single-runs-api.open-meteo.com/v1/forecast?forecast_hours=49&hourly=wind_speed_10m%2Cwind_speed_100m%2Cwind_direction_10m%2Cwind_direction_100m%2Ctemperature_2m%2Csurface_pressure%2Crelative_humidity_2m%2Cwind_gusts_10m&latitude=43.643198&longitude=78.538828&models=icon_global&run=2025-01-01T00%3A00&temperature_unit=celsius&timezone=GMT&wind_speed_unit=ms
icon,icon_global,turbine_2,single_runs,2026-02-01,400,"The requested model run is not available. Model: dwd_icon, run: 2026-02-01T00:00Z",0,{},,,,,False,,,reason;error,False,False,False,False,sampled_dates_only_not_global_archive_bounds,89de83eba270fdb6310f6f6c77e087f2198dcc3bc89968d500de6491db0e3465,https://single-runs-api.open-meteo.com/v1/forecast?forecast_hours=49&hourly=wind_speed_10m%2Cwind_speed_100m%2Cwind_direction_10m%2Cwind_direction_100m%2Ctemperature_2m%2Csurface_pressure%2Crelative_humidity_2m%2Cwind_gusts_10m&latitude=43.643198&longitude=78.538828&models=icon_global&run=2026-02-01T00%3A00&temperature_unit=celsius&timezone=GMT&wind_speed_unit=ms
icon,icon_global,turbine_2,previous_runs,2023-03-11,200,,24,"{""relative_humidity_2m_previous_day1"": 0, ""relative_humidity_2m_previous_day2"": 0, ""surface_pressure_previous_day1"": 0, ""surface_pressure_previous_day2"": 0, ""temperature_2m_previous_day1"": 0, ""temperature_2m_previous_day2"": 0, ""wind_direction_100m_previous_day1"": 0, ""wind_direction_100m_previous_day2"": 0, ""wind_direction_10m_previous_day1"": 0, ""wind_direction_10m_previous_day2"": 0, ""wind_gusts_10m_previous_day1"": 0, ""wind_gusts_10m_previous_day2"": 0, ""wind_speed_100m_previous_day1"": 0, ""wind_speed_100m_previous_day2"": 0, ""wind_speed_10m_previous_day1"": 0, ""wind_speed_10m_previous_day2"": 0}",,,,,False,43.625,78.5,latitude;longitude;generationtime_ms;utc_offset_seconds;timezone;timezone_abbreviation;elevation,False,False,False,True,sampled_dates_only_not_global_archive_bounds,08c7957a67d41e2c150f092bf295c147bd5b4ce9d6d67146c84c528a88b5b417,https://previous-runs-api.open-meteo.com/v1/forecast?end_date=2023-03-11&hourly=wind_speed_10m_previous_day1%2Cwind_speed_10m_previous_day2%2Cwind_speed_100m_previous_day1%2Cwind_speed_100m_previous_day2%2Cwind_direction_10m_previous_day1%2Cwind_direction_10m_previous_day2%2Cwind_direction_100m_previous_day1%2Cwind_direction_100m_previous_day2%2Ctemperature_2m_previous_day1%2Ctemperature_2m_previous_day2%2Csurface_pressure_previous_day1%2Csurface_pressure_previous_day2%2Crelative_humidity_2m_previous_day1%2Crelative_humidity_2m_previous_day2%2Cwind_gusts_10m_previous_day1%2Cwind_gusts_10m_previous_day2&latitude=43.643198&longitude=78.538828&models=icon_global&start_date=2023-03-11&temperature_unit=celsius&timezone=GMT&wind_speed_unit=ms
icon,icon_global,turbine_2,previous_runs,2025-01-01,200,,24,"{""relative_humidity_2m_previous_day1"": 24, ""relative_humidity_2m_previous_day2"": 24, ""surface_pressure_previous_day1"": 24, ""surface_pressure_previous_day2"": 24, ""temperature_2m_previous_day1"": 24, ""temperature_2m_previous_day2"": 24, ""wind_direction_100m_previous_day1"": 24, ""wind_direction_100m_previous_day2"": 24, ""wind_direction_10m_previous_day1"": 24, ""wind_direction_10m_previous_day2"": 24, ""wind_gusts_10m_previous_day1"": 24, ""wind_gusts_10m_previous_day2"": 24, ""wind_speed_100m_previous_day1"": 24, ""wind_speed_100m_previous_day2"": 24, ""wind_speed_10m_previous_day1"": 24, ""wind_speed_10m_previous_day2"": 24}",2025-01-01T00:00,2025-01-01T23:00,24;48,,True,43.625,78.5,latitude;longitude;generationtime_ms;utc_offset_seconds;timezone;timezone_abbreviation;elevation,False,False,False,True,sampled_dates_only_not_global_archive_bounds,bd9bcf3e5362dc51816c196cf66ec65e13371a5b0db3af83fbcbcfac21187a28,https://previous-runs-api.open-meteo.com/v1/forecast?end_date=2025-01-01&hourly=wind_speed_10m_previous_day1%2Cwind_speed_10m_previous_day2%2Cwind_speed_100m_previous_day1%2Cwind_speed_100m_previous_day2%2Cwind_direction_10m_previous_day1%2Cwind_direction_10m_previous_day2%2Cwind_direction_100m_previous_day1%2Cwind_direction_100m_previous_day2%2Ctemperature_2m_previous_day1%2Ctemperature_2m_previous_day2%2Csurface_pressure_previous_day1%2Csurface_pressure_previous_day2%2Crelative_humidity_2m_previous_day1%2Crelative_humidity_2m_previous_day2%2Cwind_gusts_10m_previous_day1%2Cwind_gusts_10m_previous_day2&latitude=43.643198&longitude=78.538828&models=icon_global&start_date=2025-01-01&temperature_unit=celsius&timezone=GMT&wind_speed_unit=ms
icon,icon_global,turbine_2,previous_runs,2026-02-01,200,,24,"{""relative_humidity_2m_previous_day1"": 24, ""relative_humidity_2m_previous_day2"": 24, ""surface_pressure_previous_day1"": 24, ""surface_pressure_previous_day2"": 24, ""temperature_2m_previous_day1"": 24, ""temperature_2m_previous_day2"": 24, ""wind_direction_100m_previous_day1"": 24, ""wind_direction_100m_previous_day2"": 24, ""wind_direction_10m_previous_day1"": 24, ""wind_direction_10m_previous_day2"": 24, ""wind_gusts_10m_previous_day1"": 24, ""wind_gusts_10m_previous_day2"": 24, ""wind_speed_100m_previous_day1"": 24, ""wind_speed_100m_previous_day2"": 24, ""wind_speed_10m_previous_day1"": 24, ""wind_speed_10m_previous_day2"": 24}",2026-02-01T00:00,2026-02-01T23:00,24;48,,True,43.625,78.5,latitude;longitude;generationtime_ms;utc_offset_seconds;timezone;timezone_abbreviation;elevation,False,False,False,True,sampled_dates_only_not_global_archive_bounds,b58a57e46d91c0cd12c8a57c193f25208c962cbd887c9a2545299a5a96b00377,https://previous-runs-api.open-meteo.com/v1/forecast?end_date=2026-02-01&hourly=wind_speed_10m_previous_day1%2Cwind_speed_10m_previous_day2%2Cwind_speed_100m_previous_day1%2Cwind_speed_100m_previous_day2%2Cwind_direction_10m_previous_day1%2Cwind_direction_10m_previous_day2%2Cwind_direction_100m_previous_day1%2Cwind_direction_100m_previous_day2%2Ctemperature_2m_previous_day1%2Ctemperature_2m_previous_day2%2Csurface_pressure_previous_day1%2Csurface_pressure_previous_day2%2Crelative_humidity_2m_previous_day1%2Crelative_humidity_2m_previous_day2%2Cwind_gusts_10m_previous_day1%2Cwind_gusts_10m_previous_day2&latitude=43.643198&longitude=78.538828&models=icon_global&start_date=2026-02-01&temperature_unit=celsius&timezone=GMT&wind_speed_unit=ms
