scope,turbine_id,horizon_bucket,model,n,coverage_pct,wind_mae,wind_rmse,wind_bias,temperature_mae,temperature_bias
available_rows,all,D1,ECMWF,31360,64.72385040865186,2.1615235969387756,2.8031090099259033,0.583452593537415,3.3295776891621767,-3.0411871784724966
available_rows,all,D1,GFS,32263,66.58755056550814,2.601320088026532,3.348796737209227,0.9676510760520306,2.4812378104003874,-1.855926198951115
available_rows,all,D1,ICON,32258,66.57723107405266,2.211609471552276,2.8412936112664897,-0.49121680410027485,2.8978244282383296,-2.661588778091978
available_rows,all,D1,Simple Ensemble,32263,66.58755056550814,1.8782250565663452,2.4176582497978303,0.34515962557728663,2.6898866867457194,-2.308873817898439
available_rows,all,D1,Weighted Ensemble,32263,66.58755056550814,1.8645752699592952,2.39833181179613,0.31354252621808176,2.633199611565475,-2.2385618204034956
available_rows,all,D2,ECMWF,31312,64.62478329067943,2.3678192599216485,3.0598139869434133,0.5866487821495486,3.378766474611062,-3.0119727870418354
available_rows,all,D2,GFS,32240,66.54008090481301,2.7460224358974354,3.5337740159303426,0.9094681555004136,2.455786862319299,-1.7097907135277213
available_rows,all,D2,ICON,32234,66.52769751506645,2.379475812289301,3.069777607291844,-0.5293334160617154,2.8958952613745885,-2.5709374410031693
available_rows,all,D2,Simple Ensemble,32240,66.54008090481301,2.035610835401158,2.618861061592531,0.31186879652605454,2.6691672815950187,-2.195463937087559
available_rows,all,D2,Weighted Ensemble,32240,66.54008090481301,2.024614252469734,2.6037693784405946,0.2880082635186965,2.610607308713897,-2.121419250340998
available_rows,turbine_1,D1,ECMWF,15032,63.51459838593823,2.145514236295902,2.784937404791077,0.6420777896043997,3.3677240585950687,-3.0878399400540357
available_rows,turbine_1,D1,GFS,15498,65.48358473824312,2.600984213016733,3.3424578524306594,1.0289768572288898,2.493053026707512,-1.881829687477528
available_rows,turbine_1,D1,ICON,15494,65.46668356783707,2.194851663009337,2.814797445040304,-0.4497944365560862,2.9393326734306693,-2.721471582941516
available_rows,turbine_1,D1,Simple Ensemble,15498,65.48358473824312,1.8633204284423797,2.3975475509154744,0.3987830687830688,2.71715249313256,-2.3459097381024288
available_rows,turbine_1,D1,Weighted Ensemble,15498,65.48358473824312,1.848467468662214,2.3765269960422515,0.36520506850579115,2.6590285676493335,-2.274524392204615
available_rows,turbine_1,D2,ECMWF,15008,63.41319136350192,2.3547415822672355,3.0451911045387394,0.6496873889481165,3.4246339633012006,-3.0710924023338406
available_rows,turbine_1,D2,GFS,15476,65.39062830100984,2.7478375118463,3.530135872275961,0.972582708710261,2.468460458687859,-1.7380400668019984
available_rows,turbine_1,D2,ICON,15470,65.36527654540077,2.3622281835811245,3.0475435253954575,-0.490162034044387,2.9412400867410162,-2.636359458901281
available_rows,turbine_1,D2,Simple Ensemble,15476,65.39062830100984,2.0229179589902646,2.6026585423376094,0.36595211941070044,2.698410357189133,-2.236338343483206
available_rows,turbine_1,D2,Weighted Ensemble,15476,65.39062830100984,2.0110925166434983,2.5862667099153716,0.3391742522918778,2.638281983267338,-2.1608507231626013
available_rows,turbine_2,D1,ECMWF,16328,65.87855557797054,2.1762622488975993,2.8197347526212786,0.5294806467417932,3.294264513355609,-2.9979993942591396
available_rows,turbine_2,D1,GFS,16765,67.64171878152108,2.6016305795804753,3.3546459121756027,0.9109599363753852,2.4699695498312897,-1.831221847310235
available_rows,turbine_2,D1,ICON,16764,67.63768408311479,2.2270977491449933,2.865564643433345,-0.5295011134971764,2.859333275964278,-2.606058650297363
available_rows,turbine_2,D1,Simple Ensemble,16765,67.64171878152108,1.892003280644199,2.436101431538381,0.2955887265135699,2.663883082325186,-2.273552382519957
available_rows,turbine_2,D1,Weighted Ensemble,16765,67.64171878152108,1.8794657384652398,2.4183138761516965,0.26578433472539337,2.60856634207508,-2.20426404546174
available_rows,turbine_2,D2,ECMWF,16304,65.78172281621949,2.379857396957802,3.0732129995782316,0.528621095027805,3.3363104392916547,-2.957250269053909
available_rows,turbine_2,D2,GFS,16764,67.63768408311479,2.74434681460272,3.5371293144324185,0.8512027757893901,2.4437005382101766,-1.6828503858088257
available_rows,turbine_2,D2,ICON,16764,67.63768408311479,2.3953921100771494,3.0901535300228877,-0.5654811898512686,2.853850941192241,-2.510277283085349
available_rows,turbine_2,D2,Simple Ensemble,16764,67.63768408311479,2.0473285015509424,2.633730238139628,0.2619407659269864,2.6412792789082022,-2.1564835790976744
available_rows,turbine_2,D2,Weighted Ensemble,16764,67.63768408311479,2.0370970956841705,2.619823494337796,0.24077342444366945,2.5842150301103963,-2.0838149629104614
common_rows,all,D1,ECMWF,31360,100.0,2.1615235969387756,2.8031090099259033,0.583452593537415,3.383502710459184,-3.105889508928571
common_rows,all,D1,GFS,31360,100.0,2.6009634353741498,3.3523085315626875,0.9762928358843537,2.49508806335034,-1.8890591517857145
common_rows,all,D1,ICON,31360,100.0,2.213104166666666,2.8429647176444126,-0.46793994472789113,2.958142059948979,-2.7281726721938773
common_rows,all,D1,Simple Ensemble,31360,100.0,1.8799605654761906,2.420817781059905,0.36393516156462585,2.828309045493197,-2.5743737776360542
common_rows,all,D1,Weighted Ensemble,31360,100.0,1.8660250991217033,2.4010446875921443,0.33273978760623557,2.743816172619951,-2.4685642918635957
common_rows,all,D2,ECMWF,31312,100.0,2.3678192599216485,3.0598139869434133,0.5866487821495486,3.419636348151933,-3.0652191917901552
common_rows,all,D2,GFS,31312,100.0,2.7540716019417477,3.5455308727183614,0.9183912451030488,2.4796937276443534,-1.7569220533128938
common_rows,all,D2,ICON,31312,100.0,2.3772078862204054,3.0676732886575544,-0.4983227942428888,2.9640548884346787,-2.649321133537728
common_rows,all,D2,Simple Ensemble,31312,100.0,2.04105124765798,2.6243432919650447,0.3355724110032362,2.822792965423267,-2.4904874595469257
common_rows,all,D2,Weighted Ensemble,31312,100.0,2.0297423634632525,2.6086446747949528,0.3086777442633913,2.7362444753763144,-2.3801734878225753
common_rows,turbine_1,D1,ECMWF,15032,100.0,2.145514236295902,2.784937404791077,0.6420777896043995,3.4262327035657267,-3.1568631364200814
common_rows,turbine_1,D1,GFS,15032,100.0,2.5999310360120633,3.345445685507181,1.038255277629945,2.497634379989356,-1.9047742593578143
common_rows,turbine_1,D1,ICON,15032,100.0,2.1954403938265035,2.8149168893814833,-0.4268252173141742,3.0059222547454323,-2.794935249246053
common_rows,turbine_1,D1,Simple Ensemble,15032,100.0,1.8638783927621074,2.399036723841199,0.4178359499733901,2.8609867837502216,-2.618857548341316
common_rows,turbine_1,D1,Weighted Ensemble,15032,100.0,1.8487388435717618,2.3774928778269717,0.3841508263137366,2.7726797952241844,-2.5093816218847698
common_rows,turbine_1,D2,ECMWF,15008,100.0,2.3547415822672355,3.0451911045387394,0.6496873889481165,3.469223858386638,-3.1276917866027008
common_rows,turbine_1,D2,GFS,15008,100.0,2.7550871757285003,3.5407947479384134,0.9836013015280739,2.48617415156361,-1.7775185456645346
common_rows,turbine_1,D2,ICON,15008,100.0,2.3603636949182656,3.045231407558695,-0.4576520300284293,3.016515080845771,-2.722734430525941
common_rows,turbine_1,D2,Simple Ensemble,15008,100.0,2.028063144100924,2.6066369338819113,0.39187888681592037,2.861121735074627,-2.5426482542643924
common_rows,turbine_1,D2,Weighted Ensemble,15008,100.0,2.0157760078036056,2.589593304944337,0.362384575674714,2.770619355224608,-2.428118749183448
common_rows,turbine_2,D1,ECMWF,16328,100.0,2.1762622488975993,2.819734752621278,0.5294806467417933,3.3441643189612935,-3.0589618038543196
common_rows,turbine_2,D1,GFS,16328,100.0,2.6019138902498775,3.3586142561291075,0.9192485301322882,2.492743855136371,-1.8745913971909194
common_rows,turbine_2,D1,ICON,16328,100.0,2.2293659154009475,2.8685438634098444,-0.5057912787849094,2.9141543156949203,-2.6667092315858243
common_rows,turbine_2,D1,Simple Ensemble,16328,100.0,1.8947662502041482,2.440698173105484,0.31431263269639065,2.7982250326637272,-2.533420810877021
common_rows,turbine_2,D1,Weighted Ensemble,16328,100.0,1.8819392951914438,2.42252470031635,0.2854093898936465,2.717243538189106,-2.430986749918576
common_rows,turbine_2,D2,ECMWF,16304,100.0,2.3798573969578016,3.0732129995782316,0.528621095027805,3.373990534020282,-3.0077125245338565
common_rows,turbine_2,D2,GFS,16304,100.0,2.753136755806346,3.549884939074601,0.8583647162250572,2.473728430650965,-1.7379627698724236
common_rows,turbine_2,D2,ICON,16304,100.0,2.392713137880275,3.088187119654622,-0.5357606517827935,2.915764740758914,-2.5817434371933263
common_rows,turbine_2,D2,Simple Ensemble,16304,100.0,2.053006930814524,2.640537229346353,0.2837417198233562,2.7875109380111223,-2.4424729105332026
common_rows,turbine_2,D2,Weighted Ensemble,16304,100.0,2.0425985377603566,2.626059490292326,0.25924005254227184,2.7046020442696412,-2.3360393807013793
