model,model_id,turbine_id,start_date,end_date,http_status,expected_hours,returned_hours,cache_key,body_sha256,request_url,retrieved_at,error,grid_latitude,grid_longitude
ecmwf,ecmwf_ifs025,turbine_1,2023-03-10,2023-06-07,200,2160,2160,18179f834b51388f42a6ff70c50b286906f5708762bae8f4a385acdb447036ac,7545ed02f4c9852d87a252e57df6e48998bbfda094c0a457790d56c6ef8f17a8,https://previous-runs-api.open-meteo.com/v1/forecast?end_date=2023-06-07&hourly=wind_speed_10m_previous_day1%2Cwind_speed_10m_previous_day2%2Cwind_speed_100m_previous_day1%2Cwind_speed_100m_previous_day2%2Cwind_direction_10m_previous_day1%2Cwind_direction_10m_previous_day2%2Cwind_direction_100m_previous_day1%2Cwind_direction_100m_previous_day2%2Ctemperature_2m_previous_day1%2Ctemperature_2m_previous_day2%2Csurface_pressure_previous_day1%2Csurface_pressure_previous_day2%2Crelative_humidity_2m_previous_day1%2Crelative_humidity_2m_previous_day2%2Cwind_gusts_10m_previous_day1%2Cwind_gusts_10m_previous_day2&latitude=43.64515&longitude=78.535604&models=ecmwf_ifs025&start_date=2023-03-10&temperature_unit=celsius&timezone=GMT&wind_speed_unit=ms,2026-09-23T10:47:40.955543+00:00,,43.75,78.5
ecmwf,ecmwf_ifs025,turbine_1,2023-06-08,2023-09-05,200,2160,2160,f2ae671904caa9efcd14e0dd9bb42099b9f9975fe26096068ee8beec9c22908e,5bdaedaa7a15be5c779e9447d259a358caddf1ce29d082387f299cbd788a8eaf,https://previous-runs-api.open-meteo.com/v1/forecast?end_date=2023-09-05&hourly=wind_speed_10m_previous_day1%2Cwind_speed_10m_previous_day2%2Cwind_speed_100m_previous_day1%2Cwind_speed_100m_previous_day2%2Cwind_direction_10m_previous_day1%2Cwind_direction_10m_previous_day2%2Cwind_direction_100m_previous_day1%2Cwind_direction_100m_previous_day2%2Ctemperature_2m_previous_day1%2Ctemperature_2m_previous_day2%2Csurface_pressure_previous_day1%2Csurface_pressure_previous_day2%2Crelative_humidity_2m_previous_day1%2Crelative_humidity_2m_previous_day2%2Cwind_gusts_10m_previous_day1%2Cwind_gusts_10m_previous_day2&latitude=43.64515&longitude=78.535604&models=ecmwf_ifs025&start_date=2023-06-08&temperature_unit=celsius&timezone=GMT&wind_speed_unit=ms,2026-09-23T10:47:42.719379+00:00,,43.75,78.5
ecmwf,ecmwf_ifs025,turbine_1,2023-09-06,2023-12-04,200,2160,2160,814d5066dda4018f00f4efc72b8737e57ceeb19e6915b82d9e30588c5363658e,f4341b225995a8c55cee1fb7e703307c6f97ffd7b573df5a0379da703b9d6448,https://previous-runs-api.open-meteo.com/v1/forecast?end_date=2023-12-04&hourly=wind_speed_10m_previous_day1%2Cwind_speed_10m_previous_day2%2Cwind_speed_100m_previous_day1%2Cwind_speed_100m_previous_day2%2Cwind_direction_10m_previous_day1%2Cwind_direction_10m_previous_day2%2Cwind_direction_100m_previous_day1%2Cwind_direction_100m_previous_day2%2Ctemperature_2m_previous_day1%2Ctemperature_2m_previous_day2%2Csurface_pressure_previous_day1%2Csurface_pressure_previous_day2%2Crelative_humidity_2m_previous_day1%2Crelative_humidity_2m_previous_day2%2Cwind_gusts_10m_previous_day1%2Cwind_gusts_10m_previous_day2&latitude=43.64515&longitude=78.535604&models=ecmwf_ifs025&start_date=2023-09-06&temperature_unit=celsius&timezone=GMT&wind_speed_unit=ms,2026-09-23T10:47:44.495360+00:00,,43.75,78.5
ecmwf,ecmwf_ifs025,turbine_1,2023-12-05,2024-03-03,200,2160,2160,53e54d0488ccc7c3f5f05b9510af928750c33a64a94d48c9b871cde71d6b2cd5,7f1ee813d1d15758f599cc3ff48089c31fe5849eacfe9a529d001bfabe565d31,https://previous-runs-api.open-meteo.com/v1/forecast?end_date=2024-03-03&hourly=wind_speed_10m_previous_day1%2Cwind_speed_10m_previous_day2%2Cwind_speed_100m_previous_day1%2Cwind_speed_100m_previous_day2%2Cwind_direction_10m_previous_day1%2Cwind_direction_10m_previous_day2%2Cwind_direction_100m_previous_day1%2Cwind_direction_100m_previous_day2%2Ctemperature_2m_previous_day1%2Ctemperature_2m_previous_day2%2Csurface_pressure_previous_day1%2Csurface_pressure_previous_day2%2Crelative_humidity_2m_previous_day1%2Crelative_humidity_2m_previous_day2%2Cwind_gusts_10m_previous_day1%2Cwind_gusts_10m_previous_day2&latitude=43.64515&longitude=78.535604&models=ecmwf_ifs025&start_date=2023-12-05&temperature_unit=celsius&timezone=GMT&wind_speed_unit=ms,2026-09-23T10:47:46.308071+00:00,,43.75,78.5
ecmwf,ecmwf_ifs025,turbine_1,2024-03-04,2024-06-01,200,2160,2160,e862fe99452ab359e7b02e41055412baa56235b2b489a1c7c20d9d7938bd3488,f26c670832b2b719938559a9e18d9da204b2ee0d49277bd2f14d3cb96054e1e1,https://previous-runs-api.open-meteo.com/v1/forecast?end_date=2024-06-01&hourly=wind_speed_10m_previous_day1%2Cwind_speed_10m_previous_day2%2Cwind_speed_100m_previous_day1%2Cwind_speed_100m_previous_day2%2Cwind_direction_10m_previous_day1%2Cwind_direction_10m_previous_day2%2Cwind_direction_100m_previous_day1%2Cwind_direction_100m_previous_day2%2Ctemperature_2m_previous_day1%2Ctemperature_2m_previous_day2%2Csurface_pressure_previous_day1%2Csurface_pressure_previous_day2%2Crelative_humidity_2m_previous_day1%2Crelative_humidity_2m_previous_day2%2Cwind_gusts_10m_previous_day1%2Cwind_gusts_10m_previous_day2&latitude=43.64515&longitude=78.535604&models=ecmwf_ifs025&start_date=2024-03-04&temperature_unit=celsius&timezone=GMT&wind_speed_unit=ms,2026-09-23T10:47:48.208632+00:00,,43.75,78.5
ecmwf,ecmwf_ifs025,turbine_1,2024-06-02,2024-08-30,200,2160,2160,8fe77a7f25aa802deedff7037c605094bb405472153e754fb851e6b95c03ea65,87643ba24e24a1d080f663346651fa3844bebc023a53bff67215143d7f37a786,https://previous-runs-api.open-meteo.com/v1/forecast?end_date=2024-08-30&hourly=wind_speed_10m_previous_day1%2Cwind_speed_10m_previous_day2%2Cwind_speed_100m_previous_day1%2Cwind_speed_100m_previous_day2%2Cwind_direction_10m_previous_day1%2Cwind_direction_10m_previous_day2%2Cwind_direction_100m_previous_day1%2Cwind_direction_100m_previous_day2%2Ctemperature_2m_previous_day1%2Ctemperature_2m_previous_day2%2Csurface_pressure_previous_day1%2Csurface_pressure_previous_day2%2Crelative_humidity_2m_previous_day1%2Crelative_humidity_2m_previous_day2%2Cwind_gusts_10m_previous_day1%2Cwind_gusts_10m_previous_day2&latitude=43.64515&longitude=78.535604&models=ecmwf_ifs025&start_date=2024-06-02&temperature_unit=celsius&timezone=GMT&wind_speed_unit=ms,2026-09-23T10:47:50.178507+00:00,,43.75,78.5
ecmwf,ecmwf_ifs025,turbine_1,2024-08-31,2024-11-28,200,2160,2160,49f36bcaf9051d81177f9c99352a23972c5198a0e64b9e7e3f9464ed0c759205,f94721d3cc2c7fac1ea3d1a7ee264769758210bc9d4b117802f89551d7cd76b5,https://previous-runs-api.open-meteo.com/v1/forecast?end_date=2024-11-28&hourly=wind_speed_10m_previous_day1%2Cwind_speed_10m_previous_day2%2Cwind_speed_100m_previous_day1%2Cwind_speed_100m_previous_day2%2Cwind_direction_10m_previous_day1%2Cwind_direction_10m_previous_day2%2Cwind_direction_100m_previous_day1%2Cwind_direction_100m_previous_day2%2Ctemperature_2m_previous_day1%2Ctemperature_2m_previous_day2%2Csurface_pressure_previous_day1%2Csurface_pressure_previous_day2%2Crelative_humidity_2m_previous_day1%2Crelative_humidity_2m_previous_day2%2Cwind_gusts_10m_previous_day1%2Cwind_gusts_10m_previous_day2&latitude=43.64515&longitude=78.535604&models=ecmwf_ifs025&start_date=2024-08-31&temperature_unit=celsius&timezone=GMT&wind_speed_unit=ms,2026-09-23T10:47:52.105478+00:00,,43.75,78.5
ecmwf,ecmwf_ifs025,turbine_1,2024-11-29,2025-02-26,200,2160,2160,2f78e6fc38d249fd548e961cb1e6a9aca932d2af26c1e52a35a43bbcbab86130,cdedd2465507d061da4afb8361d3652e3aaefced736904d16925021c8d24586f,https://previous-runs-api.open-meteo.com/v1/forecast?end_date=2025-02-26&hourly=wind_speed_10m_previous_day1%2Cwind_speed_10m_previous_day2%2Cwind_speed_100m_previous_day1%2Cwind_speed_100m_previous_day2%2Cwind_direction_10m_previous_day1%2Cwind_direction_10m_previous_day2%2Cwind_direction_100m_previous_day1%2Cwind_direction_100m_previous_day2%2Ctemperature_2m_previous_day1%2Ctemperature_2m_previous_day2%2Csurface_pressure_previous_day1%2Csurface_pressure_previous_day2%2Crelative_humidity_2m_previous_day1%2Crelative_humidity_2m_previous_day2%2Cwind_gusts_10m_previous_day1%2Cwind_gusts_10m_previous_day2&latitude=43.64515&longitude=78.535604&models=ecmwf_ifs025&start_date=2024-11-29&temperature_unit=celsius&timezone=GMT&wind_speed_unit=ms,2026-09-23T10:47:54.129972+00:00,,43.75,78.5
ecmwf,ecmwf_ifs025,turbine_1,2025-02-27,2025-05-27,200,2160,2160,eb619a0fa98a4bc206a86b12b9361d5365d164614d4afc2cbd05e158aca0b690,9d3656f402b06915708d340a02c3c4254aff38d4c92e57e99c34d1149147d773,https://previous-runs-api.open-meteo.com/v1/forecast?end_date=2025-05-27&hourly=wind_speed_10m_previous_day1%2Cwind_speed_10m_previous_day2%2Cwind_speed_100m_previous_day1%2Cwind_speed_100m_previous_day2%2Cwind_direction_10m_previous_day1%2Cwind_direction_10m_previous_day2%2Cwind_direction_100m_previous_day1%2Cwind_direction_100m_previous_day2%2Ctemperature_2m_previous_day1%2Ctemperature_2m_previous_day2%2Csurface_pressure_previous_day1%2Csurface_pressure_previous_day2%2Crelative_humidity_2m_previous_day1%2Crelative_humidity_2m_previous_day2%2Cwind_gusts_10m_previous_day1%2Cwind_gusts_10m_previous_day2&latitude=43.64515&longitude=78.535604&models=ecmwf_ifs025&start_date=2025-02-27&temperature_unit=celsius&timezone=GMT&wind_speed_unit=ms,2026-09-23T10:47:56.089485+00:00,,43.75,78.5
ecmwf,ecmwf_ifs025,turbine_1,2025-05-28,2025-08-25,200,2160,2160,e63bc0cecf12bbfc911f25916a065a1d7e512fcf944e93061459469e8f1ce57b,d602976d7052cc26bd640dd1b9b906c38ad3d775fdb1bdf6937c1ac6e723d843,https://previous-runs-api.open-meteo.com/v1/forecast?end_date=2025-08-25&hourly=wind_speed_10m_previous_day1%2Cwind_speed_10m_previous_day2%2Cwind_speed_100m_previous_day1%2Cwind_speed_100m_previous_day2%2Cwind_direction_10m_previous_day1%2Cwind_direction_10m_previous_day2%2Cwind_direction_100m_previous_day1%2Cwind_direction_100m_previous_day2%2Ctemperature_2m_previous_day1%2Ctemperature_2m_previous_day2%2Csurface_pressure_previous_day1%2Csurface_pressure_previous_day2%2Crelative_humidity_2m_previous_day1%2Crelative_humidity_2m_previous_day2%2Cwind_gusts_10m_previous_day1%2Cwind_gusts_10m_previous_day2&latitude=43.64515&longitude=78.535604&models=ecmwf_ifs025&start_date=2025-05-28&temperature_unit=celsius&timezone=GMT&wind_speed_unit=ms,2026-09-23T10:47:58.046990+00:00,,43.75,78.5
ecmwf,ecmwf_ifs025,turbine_1,2025-08-26,2025-11-23,200,2160,2160,63903eb1161d65e91e7cc1d5b39256e37c1cdcc2d0324925d5dbaf22aede355a,fae40e26f96cbcb15832b831107e54e35eb542a6ba0e035b8c9de10f9a2215a9,https://previous-runs-api.open-meteo.com/v1/forecast?end_date=2025-11-23&hourly=wind_speed_10m_previous_day1%2Cwind_speed_10m_previous_day2%2Cwind_speed_100m_previous_day1%2Cwind_speed_100m_previous_day2%2Cwind_direction_10m_previous_day1%2Cwind_direction_10m_previous_day2%2Cwind_direction_100m_previous_day1%2Cwind_direction_100m_previous_day2%2Ctemperature_2m_previous_day1%2Ctemperature_2m_previous_day2%2Csurface_pressure_previous_day1%2Csurface_pressure_previous_day2%2Crelative_humidity_2m_previous_day1%2Crelative_humidity_2m_previous_day2%2Cwind_gusts_10m_previous_day1%2Cwind_gusts_10m_previous_day2&latitude=43.64515&longitude=78.535604&models=ecmwf_ifs025&start_date=2025-08-26&temperature_unit=celsius&timezone=GMT&wind_speed_unit=ms,2026-09-23T10:47:59.936961+00:00,,43.75,78.5
ecmwf,ecmwf_ifs025,turbine_1,2025-11-24,2026-02-21,200,2160,2160,0bdc2e7ce0dcf8e8647a321e540d997be40f20f05fc0c946851f696bba665657,032a4caa00470a910e60fec31c5168d359a5a10dc4c420118849587b681aa281,https://previous-runs-api.open-meteo.com/v1/forecast?end_date=2026-02-21&hourly=wind_speed_10m_previous_day1%2Cwind_speed_10m_previous_day2%2Cwind_speed_100m_previous_day1%2Cwind_speed_100m_previous_day2%2Cwind_direction_10m_previous_day1%2Cwind_direction_10m_previous_day2%2Cwind_direction_100m_previous_day1%2Cwind_direction_100m_previous_day2%2Ctemperature_2m_previous_day1%2Ctemperature_2m_previous_day2%2Csurface_pressure_previous_day1%2Csurface_pressure_previous_day2%2Crelative_humidity_2m_previous_day1%2Crelative_humidity_2m_previous_day2%2Cwind_gusts_10m_previous_day1%2Cwind_gusts_10m_previous_day2&latitude=43.64515&longitude=78.535604&models=ecmwf_ifs025&start_date=2025-11-24&temperature_unit=celsius&timezone=GMT&wind_speed_unit=ms,2026-09-23T10:48:01.889634+00:00,,43.75,78.5
ecmwf,ecmwf_ifs025,turbine_1,2026-02-22,2026-03-02,200,216,216,a2af2f48a9f68171143e58aee01b4b850b19c57c3d79ad279a08ee1d12fd8267,d88a6379dcc6191e24619648f21993b234f62ca4be65c8eb45952ec6cba90675,https://previous-runs-api.open-meteo.com/v1/forecast?end_date=2026-03-02&hourly=wind_speed_10m_previous_day1%2Cwind_speed_10m_previous_day2%2Cwind_speed_100m_previous_day1%2Cwind_speed_100m_previous_day2%2Cwind_direction_10m_previous_day1%2Cwind_direction_10m_previous_day2%2Cwind_direction_100m_previous_day1%2Cwind_direction_100m_previous_day2%2Ctemperature_2m_previous_day1%2Ctemperature_2m_previous_day2%2Csurface_pressure_previous_day1%2Csurface_pressure_previous_day2%2Crelative_humidity_2m_previous_day1%2Crelative_humidity_2m_previous_day2%2Cwind_gusts_10m_previous_day1%2Cwind_gusts_10m_previous_day2&latitude=43.64515&longitude=78.535604&models=ecmwf_ifs025&start_date=2026-02-22&temperature_unit=celsius&timezone=GMT&wind_speed_unit=ms,2026-09-23T10:48:03.356065+00:00,,43.75,78.5
ecmwf,ecmwf_ifs025,turbine_2,2023-03-10,2023-06-07,200,2160,2160,281717774e391e0008715a026a7c4c9891ed436fc4a95c03e5758d6a7791f3c2,1ad4b0ce229d4d9520a016bcefe69dae54d3c37aad4436df0941e65e75a0541d,https://previous-runs-api.open-meteo.com/v1/forecast?end_date=2023-06-07&hourly=wind_speed_10m_previous_day1%2Cwind_speed_10m_previous_day2%2Cwind_speed_100m_previous_day1%2Cwind_speed_100m_previous_day2%2Cwind_direction_10m_previous_day1%2Cwind_direction_10m_previous_day2%2Cwind_direction_100m_previous_day1%2Cwind_direction_100m_previous_day2%2Ctemperature_2m_previous_day1%2Ctemperature_2m_previous_day2%2Csurface_pressure_previous_day1%2Csurface_pressure_previous_day2%2Crelative_humidity_2m_previous_day1%2Crelative_humidity_2m_previous_day2%2Cwind_gusts_10m_previous_day1%2Cwind_gusts_10m_previous_day2&latitude=43.643198&longitude=78.538828&models=ecmwf_ifs025&start_date=2023-03-10&temperature_unit=celsius&timezone=GMT&wind_speed_unit=ms,2026-09-23T10:48:05.091231+00:00,,43.75,78.5
ecmwf,ecmwf_ifs025,turbine_2,2023-06-08,2023-09-05,200,2160,2160,6d6b5ea957a14b94149feaabee570c4b6474214ac1093801693e24b96a88e901,7dabfe8ce63e9b824417af9756c9cd59fd222cd7036b5cc96d8cf1b06f81572b,https://previous-runs-api.open-meteo.com/v1/forecast?end_date=2023-09-05&hourly=wind_speed_10m_previous_day1%2Cwind_speed_10m_previous_day2%2Cwind_speed_100m_previous_day1%2Cwind_speed_100m_previous_day2%2Cwind_direction_10m_previous_day1%2Cwind_direction_10m_previous_day2%2Cwind_direction_100m_previous_day1%2Cwind_direction_100m_previous_day2%2Ctemperature_2m_previous_day1%2Ctemperature_2m_previous_day2%2Csurface_pressure_previous_day1%2Csurface_pressure_previous_day2%2Crelative_humidity_2m_previous_day1%2Crelative_humidity_2m_previous_day2%2Cwind_gusts_10m_previous_day1%2Cwind_gusts_10m_previous_day2&latitude=43.643198&longitude=78.538828&models=ecmwf_ifs025&start_date=2023-06-08&temperature_unit=celsius&timezone=GMT&wind_speed_unit=ms,2026-09-23T10:48:06.804783+00:00,,43.75,78.5
ecmwf,ecmwf_ifs025,turbine_2,2023-09-06,2023-12-04,200,2160,2160,598fe232c344baa8dd508b0356fa126a00cd101551e304fb3a8bb0bd91ef3ea0,1856a58110b985ab9999de7909e2efb481c4da3acbd70e56d0b9d1e25c3b6f67,https://previous-runs-api.open-meteo.com/v1/forecast?end_date=2023-12-04&hourly=wind_speed_10m_previous_day1%2Cwind_speed_10m_previous_day2%2Cwind_speed_100m_previous_day1%2Cwind_speed_100m_previous_day2%2Cwind_direction_10m_previous_day1%2Cwind_direction_10m_previous_day2%2Cwind_direction_100m_previous_day1%2Cwind_direction_100m_previous_day2%2Ctemperature_2m_previous_day1%2Ctemperature_2m_previous_day2%2Csurface_pressure_previous_day1%2Csurface_pressure_previous_day2%2Crelative_humidity_2m_previous_day1%2Crelative_humidity_2m_previous_day2%2Cwind_gusts_10m_previous_day1%2Cwind_gusts_10m_previous_day2&latitude=43.643198&longitude=78.538828&models=ecmwf_ifs025&start_date=2023-09-06&temperature_unit=celsius&timezone=GMT&wind_speed_unit=ms,2026-09-23T10:48:08.511590+00:00,,43.75,78.5
ecmwf,ecmwf_ifs025,turbine_2,2023-12-05,2024-03-03,200,2160,2160,fda3de58bd5667495e0d592fdce4b339156b27599c2d2eadd45d12cbde4e8643,f5878001c04dac969e5568dd4531d99a8b0eda40b7b431c07e56da62ee702de2,https://previous-runs-api.open-meteo.com/v1/forecast?end_date=2024-03-03&hourly=wind_speed_10m_previous_day1%2Cwind_speed_10m_previous_day2%2Cwind_speed_100m_previous_day1%2Cwind_speed_100m_previous_day2%2Cwind_direction_10m_previous_day1%2Cwind_direction_10m_previous_day2%2Cwind_direction_100m_previous_day1%2Cwind_direction_100m_previous_day2%2Ctemperature_2m_previous_day1%2Ctemperature_2m_previous_day2%2Csurface_pressure_previous_day1%2Csurface_pressure_previous_day2%2Crelative_humidity_2m_previous_day1%2Crelative_humidity_2m_previous_day2%2Cwind_gusts_10m_previous_day1%2Cwind_gusts_10m_previous_day2&latitude=43.643198&longitude=78.538828&models=ecmwf_ifs025&start_date=2023-12-05&temperature_unit=celsius&timezone=GMT&wind_speed_unit=ms,2026-09-23T10:48:10.287902+00:00,,43.75,78.5
ecmwf,ecmwf_ifs025,turbine_2,2024-03-04,2024-06-01,200,2160,2160,14d2be73687a9d3a9a1df5039661b21bee50b678bdae454ba693c55041c4af51,6a2755f87c5a4a1944a84440e7fc3df8420ded1f2e2e15152e875be52ab0ad4f,https://previous-runs-api.open-meteo.com/v1/forecast?end_date=2024-06-01&hourly=wind_speed_10m_previous_day1%2Cwind_speed_10m_previous_day2%2Cwind_speed_100m_previous_day1%2Cwind_speed_100m_previous_day2%2Cwind_direction_10m_previous_day1%2Cwind_direction_10m_previous_day2%2Cwind_direction_100m_previous_day1%2Cwind_direction_100m_previous_day2%2Ctemperature_2m_previous_day1%2Ctemperature_2m_previous_day2%2Csurface_pressure_previous_day1%2Csurface_pressure_previous_day2%2Crelative_humidity_2m_previous_day1%2Crelative_humidity_2m_previous_day2%2Cwind_gusts_10m_previous_day1%2Cwind_gusts_10m_previous_day2&latitude=43.643198&longitude=78.538828&models=ecmwf_ifs025&start_date=2024-03-04&temperature_unit=celsius&timezone=GMT&wind_speed_unit=ms,2026-09-23T10:48:12.048120+00:00,,43.75,78.5
ecmwf,ecmwf_ifs025,turbine_2,2024-06-02,2024-08-30,200,2160,2160,dd897a585940b037ac68ba9860b074304b95cb5bd70a63d1479f939093f980f8,5eb225f9df529e40b149915c1317dd97f8554b02eeeeace8884801794d4d91ca,https://previous-runs-api.open-meteo.com/v1/forecast?end_date=2024-08-30&hourly=wind_speed_10m_previous_day1%2Cwind_speed_10m_previous_day2%2Cwind_speed_100m_previous_day1%2Cwind_speed_100m_previous_day2%2Cwind_direction_10m_previous_day1%2Cwind_direction_10m_previous_day2%2Cwind_direction_100m_previous_day1%2Cwind_direction_100m_previous_day2%2Ctemperature_2m_previous_day1%2Ctemperature_2m_previous_day2%2Csurface_pressure_previous_day1%2Csurface_pressure_previous_day2%2Crelative_humidity_2m_previous_day1%2Crelative_humidity_2m_previous_day2%2Cwind_gusts_10m_previous_day1%2Cwind_gusts_10m_previous_day2&latitude=43.643198&longitude=78.538828&models=ecmwf_ifs025&start_date=2024-06-02&temperature_unit=celsius&timezone=GMT&wind_speed_unit=ms,2026-09-23T10:48:13.828848+00:00,,43.75,78.5
ecmwf,ecmwf_ifs025,turbine_2,2024-08-31,2024-11-28,200,2160,2160,fc68a78f9312aad8f9a40ce0fc8ce09ca9e7f7930321d669976911d4a98eec26,aca781823e23b1c2535cdadb48f03d5de7eaf7084a6d23c2be68f4f5f5391218,https://previous-runs-api.open-meteo.com/v1/forecast?end_date=2024-11-28&hourly=wind_speed_10m_previous_day1%2Cwind_speed_10m_previous_day2%2Cwind_speed_100m_previous_day1%2Cwind_speed_100m_previous_day2%2Cwind_direction_10m_previous_day1%2Cwind_direction_10m_previous_day2%2Cwind_direction_100m_previous_day1%2Cwind_direction_100m_previous_day2%2Ctemperature_2m_previous_day1%2Ctemperature_2m_previous_day2%2Csurface_pressure_previous_day1%2Csurface_pressure_previous_day2%2Crelative_humidity_2m_previous_day1%2Crelative_humidity_2m_previous_day2%2Cwind_gusts_10m_previous_day1%2Cwind_gusts_10m_previous_day2&latitude=43.643198&longitude=78.538828&models=ecmwf_ifs025&start_date=2024-08-31&temperature_unit=celsius&timezone=GMT&wind_speed_unit=ms,2026-09-23T10:48:15.559521+00:00,,43.75,78.5
ecmwf,ecmwf_ifs025,turbine_2,2024-11-29,2025-02-26,200,2160,2160,ff2f5d899d1945211c267fe2b59920522144790189115fef90e2e675dc0530f2,2c9aa61f66104cf31efef75550b43124f9d5191502177572b2381dbfe1f60c42,https://previous-runs-api.open-meteo.com/v1/forecast?end_date=2025-02-26&hourly=wind_speed_10m_previous_day1%2Cwind_speed_10m_previous_day2%2Cwind_speed_100m_previous_day1%2Cwind_speed_100m_previous_day2%2Cwind_direction_10m_previous_day1%2Cwind_direction_10m_previous_day2%2Cwind_direction_100m_previous_day1%2Cwind_direction_100m_previous_day2%2Ctemperature_2m_previous_day1%2Ctemperature_2m_previous_day2%2Csurface_pressure_previous_day1%2Csurface_pressure_previous_day2%2Crelative_humidity_2m_previous_day1%2Crelative_humidity_2m_previous_day2%2Cwind_gusts_10m_previous_day1%2Cwind_gusts_10m_previous_day2&latitude=43.643198&longitude=78.538828&models=ecmwf_ifs025&start_date=2024-11-29&temperature_unit=celsius&timezone=GMT&wind_speed_unit=ms,2026-09-23T10:48:17.338439+00:00,,43.75,78.5
ecmwf,ecmwf_ifs025,turbine_2,2025-02-27,2025-05-27,200,2160,2160,6e573cd8907068fc1f3336e63d7aeb7582bba2e7951e3979138e032d9b0c6e20,e56b46839938e91192ddf6baeef1ee770e14145f47960d2c7573418225b85843,https://previous-runs-api.open-meteo.com/v1/forecast?end_date=2025-05-27&hourly=wind_speed_10m_previous_day1%2Cwind_speed_10m_previous_day2%2Cwind_speed_100m_previous_day1%2Cwind_speed_100m_previous_day2%2Cwind_direction_10m_previous_day1%2Cwind_direction_10m_previous_day2%2Cwind_direction_100m_previous_day1%2Cwind_direction_100m_previous_day2%2Ctemperature_2m_previous_day1%2Ctemperature_2m_previous_day2%2Csurface_pressure_previous_day1%2Csurface_pressure_previous_day2%2Crelative_humidity_2m_previous_day1%2Crelative_humidity_2m_previous_day2%2Cwind_gusts_10m_previous_day1%2Cwind_gusts_10m_previous_day2&latitude=43.643198&longitude=78.538828&models=ecmwf_ifs025&start_date=2025-02-27&temperature_unit=celsius&timezone=GMT&wind_speed_unit=ms,2026-09-23T10:48:19.069215+00:00,,43.75,78.5
ecmwf,ecmwf_ifs025,turbine_2,2025-05-28,2025-08-25,200,2160,2160,ebbad7dc9c607692bf3bef908fc81da759833187f0f3ea52f1744edc2d3de1ef,af3aceca9cb76a92d154615eda6573b6927b9953c39cc535900b6d825152229c,https://previous-runs-api.open-meteo.com/v1/forecast?end_date=2025-08-25&hourly=wind_speed_10m_previous_day1%2Cwind_speed_10m_previous_day2%2Cwind_speed_100m_previous_day1%2Cwind_speed_100m_previous_day2%2Cwind_direction_10m_previous_day1%2Cwind_direction_10m_previous_day2%2Cwind_direction_100m_previous_day1%2Cwind_direction_100m_previous_day2%2Ctemperature_2m_previous_day1%2Ctemperature_2m_previous_day2%2Csurface_pressure_previous_day1%2Csurface_pressure_previous_day2%2Crelative_humidity_2m_previous_day1%2Crelative_humidity_2m_previous_day2%2Cwind_gusts_10m_previous_day1%2Cwind_gusts_10m_previous_day2&latitude=43.643198&longitude=78.538828&models=ecmwf_ifs025&start_date=2025-05-28&temperature_unit=celsius&timezone=GMT&wind_speed_unit=ms,2026-09-23T10:48:20.860522+00:00,,43.75,78.5
ecmwf,ecmwf_ifs025,turbine_2,2025-08-26,2025-11-23,200,2160,2160,2c469508205feeb9136dea11f8f48361946c5f87af4cc75ab848918d918137cc,d7202f6aa2b3f3e9d0b823293515fdbe6ad569855aa96dc41d1fa09159880eb2,https://previous-runs-api.open-meteo.com/v1/forecast?end_date=2025-11-23&hourly=wind_speed_10m_previous_day1%2Cwind_speed_10m_previous_day2%2Cwind_speed_100m_previous_day1%2Cwind_speed_100m_previous_day2%2Cwind_direction_10m_previous_day1%2Cwind_direction_10m_previous_day2%2Cwind_direction_100m_previous_day1%2Cwind_direction_100m_previous_day2%2Ctemperature_2m_previous_day1%2Ctemperature_2m_previous_day2%2Csurface_pressure_previous_day1%2Csurface_pressure_previous_day2%2Crelative_humidity_2m_previous_day1%2Crelative_humidity_2m_previous_day2%2Cwind_gusts_10m_previous_day1%2Cwind_gusts_10m_previous_day2&latitude=43.643198&longitude=78.538828&models=ecmwf_ifs025&start_date=2025-08-26&temperature_unit=celsius&timezone=GMT&wind_speed_unit=ms,2026-09-23T10:48:22.567795+00:00,,43.75,78.5
ecmwf,ecmwf_ifs025,turbine_2,2025-11-24,2026-02-21,200,2160,2160,fde69417771b2ec3bf32e66f8c4fd799d90745af9a0adeec27f2b6f865e392f0,efb6503bf48cdf0afa166bbdeefe20847822d68c20359ef453617d118ee5f03b,https://previous-runs-api.open-meteo.com/v1/forecast?end_date=2026-02-21&hourly=wind_speed_10m_previous_day1%2Cwind_speed_10m_previous_day2%2Cwind_speed_100m_previous_day1%2Cwind_speed_100m_previous_day2%2Cwind_direction_10m_previous_day1%2Cwind_direction_10m_previous_day2%2Cwind_direction_100m_previous_day1%2Cwind_direction_100m_previous_day2%2Ctemperature_2m_previous_day1%2Ctemperature_2m_previous_day2%2Csurface_pressure_previous_day1%2Csurface_pressure_previous_day2%2Crelative_humidity_2m_previous_day1%2Crelative_humidity_2m_previous_day2%2Cwind_gusts_10m_previous_day1%2Cwind_gusts_10m_previous_day2&latitude=43.643198&longitude=78.538828&models=ecmwf_ifs025&start_date=2025-11-24&temperature_unit=celsius&timezone=GMT&wind_speed_unit=ms,2026-09-23T10:48:24.309556+00:00,,43.75,78.5
ecmwf,ecmwf_ifs025,turbine_2,2026-02-22,2026-03-02,200,216,216,8fd49e9d279ed7aeef989d47b54f51d4ac2ea3df33fcb72ee7ffdebda5baa1da,e590ef46d4da8822e02582611f1d9fb4874f093633d2851561a1a2fdab788c6a,https://previous-runs-api.open-meteo.com/v1/forecast?end_date=2026-03-02&hourly=wind_speed_10m_previous_day1%2Cwind_speed_10m_previous_day2%2Cwind_speed_100m_previous_day1%2Cwind_speed_100m_previous_day2%2Cwind_direction_10m_previous_day1%2Cwind_direction_10m_previous_day2%2Cwind_direction_100m_previous_day1%2Cwind_direction_100m_previous_day2%2Ctemperature_2m_previous_day1%2Ctemperature_2m_previous_day2%2Csurface_pressure_previous_day1%2Csurface_pressure_previous_day2%2Crelative_humidity_2m_previous_day1%2Crelative_humidity_2m_previous_day2%2Cwind_gusts_10m_previous_day1%2Cwind_gusts_10m_previous_day2&latitude=43.643198&longitude=78.538828&models=ecmwf_ifs025&start_date=2026-02-22&temperature_unit=celsius&timezone=GMT&wind_speed_unit=ms,2026-09-23T10:48:25.809148+00:00,,43.75,78.5
gfs,gfs_global,turbine_1,2023-03-10,2023-06-07,200,2160,2160,bdb5eeda42f2b587f406d9927fbb1d9b57d6112d2674b6d77bdda54aeca3e203,164b7d231af35e3cf35713099b71be902eecaa7b4804cea5a3ce6e5d0c637e11,https://previous-runs-api.open-meteo.com/v1/forecast?end_date=2023-06-07&hourly=wind_speed_10m_previous_day1%2Cwind_speed_10m_previous_day2%2Cwind_speed_100m_previous_day1%2Cwind_speed_100m_previous_day2%2Cwind_direction_10m_previous_day1%2Cwind_direction_10m_previous_day2%2Cwind_direction_100m_previous_day1%2Cwind_direction_100m_previous_day2%2Ctemperature_2m_previous_day1%2Ctemperature_2m_previous_day2%2Csurface_pressure_previous_day1%2Csurface_pressure_previous_day2%2Crelative_humidity_2m_previous_day1%2Crelative_humidity_2m_previous_day2%2Cwind_gusts_10m_previous_day1%2Cwind_gusts_10m_previous_day2&latitude=43.64515&longitude=78.535604&models=gfs_global&start_date=2023-03-10&temperature_unit=celsius&timezone=GMT&wind_speed_unit=ms,2026-09-23T10:48:27.767688+00:00,,43.638138,78.515625
gfs,gfs_global,turbine_1,2023-06-08,2023-09-05,200,2160,2160,ee6ce57c688e766cc1ebd043270b8efdacbae545381cdf55db6e4e514e42a980,332f04c32a145311f006e3f7ecb76ca1aa0a2ab001bdbcec7d4b06819c041ac2,https://previous-runs-api.open-meteo.com/v1/forecast?end_date=2023-09-05&hourly=wind_speed_10m_previous_day1%2Cwind_speed_10m_previous_day2%2Cwind_speed_100m_previous_day1%2Cwind_speed_100m_previous_day2%2Cwind_direction_10m_previous_day1%2Cwind_direction_10m_previous_day2%2Cwind_direction_100m_previous_day1%2Cwind_direction_100m_previous_day2%2Ctemperature_2m_previous_day1%2Ctemperature_2m_previous_day2%2Csurface_pressure_previous_day1%2Csurface_pressure_previous_day2%2Crelative_humidity_2m_previous_day1%2Crelative_humidity_2m_previous_day2%2Cwind_gusts_10m_previous_day1%2Cwind_gusts_10m_previous_day2&latitude=43.64515&longitude=78.535604&models=gfs_global&start_date=2023-06-08&temperature_unit=celsius&timezone=GMT&wind_speed_unit=ms,2026-09-23T10:48:29.522145+00:00,,43.638138,78.515625
gfs,gfs_global,turbine_1,2023-09-06,2023-12-04,200,2160,2160,a8fa4c89699e878fff0c7bb4affda6a7f14548b9d685c5520f3ffede38aed779,f28a8e2b31968bbdfbce75f30d79329d1d153a35470d5130f2e32a918c22a658,https://previous-runs-api.open-meteo.com/v1/forecast?end_date=2023-12-04&hourly=wind_speed_10m_previous_day1%2Cwind_speed_10m_previous_day2%2Cwind_speed_100m_previous_day1%2Cwind_speed_100m_previous_day2%2Cwind_direction_10m_previous_day1%2Cwind_direction_10m_previous_day2%2Cwind_direction_100m_previous_day1%2Cwind_direction_100m_previous_day2%2Ctemperature_2m_previous_day1%2Ctemperature_2m_previous_day2%2Csurface_pressure_previous_day1%2Csurface_pressure_previous_day2%2Crelative_humidity_2m_previous_day1%2Crelative_humidity_2m_previous_day2%2Cwind_gusts_10m_previous_day1%2Cwind_gusts_10m_previous_day2&latitude=43.64515&longitude=78.535604&models=gfs_global&start_date=2023-09-06&temperature_unit=celsius&timezone=GMT&wind_speed_unit=ms,2026-09-23T10:48:31.246625+00:00,,43.638138,78.515625
gfs,gfs_global,turbine_1,2023-12-05,2024-03-03,200,2160,2160,47ee799f29065d58fcd153ac00d149d59f808704185d2f9ee49718bba6aa3230,92189bf91f522a59f0736d5524057dfc0928f2891f6fdb356f5c0f738b9706fc,https://previous-runs-api.open-meteo.com/v1/forecast?end_date=2024-03-03&hourly=wind_speed_10m_previous_day1%2Cwind_speed_10m_previous_day2%2Cwind_speed_100m_previous_day1%2Cwind_speed_100m_previous_day2%2Cwind_direction_10m_previous_day1%2Cwind_direction_10m_previous_day2%2Cwind_direction_100m_previous_day1%2Cwind_direction_100m_previous_day2%2Ctemperature_2m_previous_day1%2Ctemperature_2m_previous_day2%2Csurface_pressure_previous_day1%2Csurface_pressure_previous_day2%2Crelative_humidity_2m_previous_day1%2Crelative_humidity_2m_previous_day2%2Cwind_gusts_10m_previous_day1%2Cwind_gusts_10m_previous_day2&latitude=43.64515&longitude=78.535604&models=gfs_global&start_date=2023-12-05&temperature_unit=celsius&timezone=GMT&wind_speed_unit=ms,2026-09-23T10:48:33.137134+00:00,,43.638138,78.515625
gfs,gfs_global,turbine_1,2024-03-04,2024-06-01,200,2160,2160,94f72e6044f72ae41f02d87c9f9b5209597918adcba3712ae271f8304df06cf5,ced417559ed4351c626079f13a855045ca71aa0bf1746bb232d5bfa28d1035a3,https://previous-runs-api.open-meteo.com/v1/forecast?end_date=2024-06-01&hourly=wind_speed_10m_previous_day1%2Cwind_speed_10m_previous_day2%2Cwind_speed_100m_previous_day1%2Cwind_speed_100m_previous_day2%2Cwind_direction_10m_previous_day1%2Cwind_direction_10m_previous_day2%2Cwind_direction_100m_previous_day1%2Cwind_direction_100m_previous_day2%2Ctemperature_2m_previous_day1%2Ctemperature_2m_previous_day2%2Csurface_pressure_previous_day1%2Csurface_pressure_previous_day2%2Crelative_humidity_2m_previous_day1%2Crelative_humidity_2m_previous_day2%2Cwind_gusts_10m_previous_day1%2Cwind_gusts_10m_previous_day2&latitude=43.64515&longitude=78.535604&models=gfs_global&start_date=2024-03-04&temperature_unit=celsius&timezone=GMT&wind_speed_unit=ms,2026-09-23T10:48:35.013451+00:00,,43.638138,78.515625
gfs,gfs_global,turbine_1,2024-06-02,2024-08-30,200,2160,2160,9e5f6f5960027765b0ef5748875c9d38a8e1f0b54f9c9e032f64531fee2535d5,1d627e4e75083445c14d427e26bf269f56b5cd49b19b1c5d5e7334370d985e49,https://previous-runs-api.open-meteo.com/v1/forecast?end_date=2024-08-30&hourly=wind_speed_10m_previous_day1%2Cwind_speed_10m_previous_day2%2Cwind_speed_100m_previous_day1%2Cwind_speed_100m_previous_day2%2Cwind_direction_10m_previous_day1%2Cwind_direction_10m_previous_day2%2Cwind_direction_100m_previous_day1%2Cwind_direction_100m_previous_day2%2Ctemperature_2m_previous_day1%2Ctemperature_2m_previous_day2%2Csurface_pressure_previous_day1%2Csurface_pressure_previous_day2%2Crelative_humidity_2m_previous_day1%2Crelative_humidity_2m_previous_day2%2Cwind_gusts_10m_previous_day1%2Cwind_gusts_10m_previous_day2&latitude=43.64515&longitude=78.535604&models=gfs_global&start_date=2024-06-02&temperature_unit=celsius&timezone=GMT&wind_speed_unit=ms,2026-09-23T10:48:36.950304+00:00,,43.638138,78.515625
gfs,gfs_global,turbine_1,2024-08-31,2024-11-28,200,2160,2160,51b0f5f5c58dfbc56cfd29f92771029e5434e5e9af64bd1a19613643667337ba,d026b55ce20917afee0ca7f2ac636d02c0b8ba232bc211ebf8ba058bf18137dc,https://previous-runs-api.open-meteo.com/v1/forecast?end_date=2024-11-28&hourly=wind_speed_10m_previous_day1%2Cwind_speed_10m_previous_day2%2Cwind_speed_100m_previous_day1%2Cwind_speed_100m_previous_day2%2Cwind_direction_10m_previous_day1%2Cwind_direction_10m_previous_day2%2Cwind_direction_100m_previous_day1%2Cwind_direction_100m_previous_day2%2Ctemperature_2m_previous_day1%2Ctemperature_2m_previous_day2%2Csurface_pressure_previous_day1%2Csurface_pressure_previous_day2%2Crelative_humidity_2m_previous_day1%2Crelative_humidity_2m_previous_day2%2Cwind_gusts_10m_previous_day1%2Cwind_gusts_10m_previous_day2&latitude=43.64515&longitude=78.535604&models=gfs_global&start_date=2024-08-31&temperature_unit=celsius&timezone=GMT&wind_speed_unit=ms,2026-09-23T10:48:38.895375+00:00,,43.638138,78.515625
gfs,gfs_global,turbine_1,2024-11-29,2025-02-26,200,2160,2160,991c0548e75ee51804ed07d5374498d48c873ee6a696f7c129b78d07184ec0f1,8d33a1b7d5323109a8c3dff1f797f13b2b79867438f69535f8f2ecf18b69b406,https://previous-runs-api.open-meteo.com/v1/forecast?end_date=2025-02-26&hourly=wind_speed_10m_previous_day1%2Cwind_speed_10m_previous_day2%2Cwind_speed_100m_previous_day1%2Cwind_speed_100m_previous_day2%2Cwind_direction_10m_previous_day1%2Cwind_direction_10m_previous_day2%2Cwind_direction_100m_previous_day1%2Cwind_direction_100m_previous_day2%2Ctemperature_2m_previous_day1%2Ctemperature_2m_previous_day2%2Csurface_pressure_previous_day1%2Csurface_pressure_previous_day2%2Crelative_humidity_2m_previous_day1%2Crelative_humidity_2m_previous_day2%2Cwind_gusts_10m_previous_day1%2Cwind_gusts_10m_previous_day2&latitude=43.64515&longitude=78.535604&models=gfs_global&start_date=2024-11-29&temperature_unit=celsius&timezone=GMT&wind_speed_unit=ms,2026-09-23T10:48:40.868865+00:00,,43.638138,78.515625
gfs,gfs_global,turbine_1,2025-02-27,2025-05-27,200,2160,2160,39ddd0909fcb63f48d814c2c3d4b8f3c819e341c16a24ee7dcde2ef3fb21a915,11e194490bc4e87cb152c74eb902de278cc850d9014ed7e7b3b4440f63a2706b,https://previous-runs-api.open-meteo.com/v1/forecast?end_date=2025-05-27&hourly=wind_speed_10m_previous_day1%2Cwind_speed_10m_previous_day2%2Cwind_speed_100m_previous_day1%2Cwind_speed_100m_previous_day2%2Cwind_direction_10m_previous_day1%2Cwind_direction_10m_previous_day2%2Cwind_direction_100m_previous_day1%2Cwind_direction_100m_previous_day2%2Ctemperature_2m_previous_day1%2Ctemperature_2m_previous_day2%2Csurface_pressure_previous_day1%2Csurface_pressure_previous_day2%2Crelative_humidity_2m_previous_day1%2Crelative_humidity_2m_previous_day2%2Cwind_gusts_10m_previous_day1%2Cwind_gusts_10m_previous_day2&latitude=43.64515&longitude=78.535604&models=gfs_global&start_date=2025-02-27&temperature_unit=celsius&timezone=GMT&wind_speed_unit=ms,2026-09-23T10:48:42.774889+00:00,,43.638138,78.515625
gfs,gfs_global,turbine_1,2025-05-28,2025-08-25,200,2160,2160,dfea006289594f6f0fc1b4dabf1fdc02e489d0538aeafb80487878d60bff6d22,e3b29b120ecd3f79ceefc8bcf037a3be585bfa281fa98312befe2b4de297eb89,https://previous-runs-api.open-meteo.com/v1/forecast?end_date=2025-08-25&hourly=wind_speed_10m_previous_day1%2Cwind_speed_10m_previous_day2%2Cwind_speed_100m_previous_day1%2Cwind_speed_100m_previous_day2%2Cwind_direction_10m_previous_day1%2Cwind_direction_10m_previous_day2%2Cwind_direction_100m_previous_day1%2Cwind_direction_100m_previous_day2%2Ctemperature_2m_previous_day1%2Ctemperature_2m_previous_day2%2Csurface_pressure_previous_day1%2Csurface_pressure_previous_day2%2Crelative_humidity_2m_previous_day1%2Crelative_humidity_2m_previous_day2%2Cwind_gusts_10m_previous_day1%2Cwind_gusts_10m_previous_day2&latitude=43.64515&longitude=78.535604&models=gfs_global&start_date=2025-05-28&temperature_unit=celsius&timezone=GMT&wind_speed_unit=ms,2026-09-23T10:48:44.733605+00:00,,43.638138,78.515625
gfs,gfs_global,turbine_1,2025-08-26,2025-11-23,200,2160,2160,0bfec27eec5a81f870e461c703ba207c672c5893bad4d0d6d870f0cf4985d337,b5877c2ed72e57cd063f76b9637ff787755a7058b8ee3184beb6bcb99826ddc0,https://previous-runs-api.open-meteo.com/v1/forecast?end_date=2025-11-23&hourly=wind_speed_10m_previous_day1%2Cwind_speed_10m_previous_day2%2Cwind_speed_100m_previous_day1%2Cwind_speed_100m_previous_day2%2Cwind_direction_10m_previous_day1%2Cwind_direction_10m_previous_day2%2Cwind_direction_100m_previous_day1%2Cwind_direction_100m_previous_day2%2Ctemperature_2m_previous_day1%2Ctemperature_2m_previous_day2%2Csurface_pressure_previous_day1%2Csurface_pressure_previous_day2%2Crelative_humidity_2m_previous_day1%2Crelative_humidity_2m_previous_day2%2Cwind_gusts_10m_previous_day1%2Cwind_gusts_10m_previous_day2&latitude=43.64515&longitude=78.535604&models=gfs_global&start_date=2025-08-26&temperature_unit=celsius&timezone=GMT&wind_speed_unit=ms,2026-09-23T10:48:46.651173+00:00,,43.638138,78.515625
gfs,gfs_global,turbine_1,2025-11-24,2026-02-21,200,2160,2160,85088a017713acc90e356b5f51cc2fc2858e9efee276cd9f6d486795a137392e,1122e32365386b84ca575d761067b3f968065f4d0c548539dae6c2436a8237bb,https://previous-runs-api.open-meteo.com/v1/forecast?end_date=2026-02-21&hourly=wind_speed_10m_previous_day1%2Cwind_speed_10m_previous_day2%2Cwind_speed_100m_previous_day1%2Cwind_speed_100m_previous_day2%2Cwind_direction_10m_previous_day1%2Cwind_direction_10m_previous_day2%2Cwind_direction_100m_previous_day1%2Cwind_direction_100m_previous_day2%2Ctemperature_2m_previous_day1%2Ctemperature_2m_previous_day2%2Csurface_pressure_previous_day1%2Csurface_pressure_previous_day2%2Crelative_humidity_2m_previous_day1%2Crelative_humidity_2m_previous_day2%2Cwind_gusts_10m_previous_day1%2Cwind_gusts_10m_previous_day2&latitude=43.64515&longitude=78.535604&models=gfs_global&start_date=2025-11-24&temperature_unit=celsius&timezone=GMT&wind_speed_unit=ms,2026-09-23T10:48:48.541942+00:00,,43.638138,78.515625
gfs,gfs_global,turbine_1,2026-02-22,2026-03-02,200,216,216,a7bc9ebad380e07bed150ea13f1adb55f9fe5718dc76046dd8470edbeb050219,f092bd4b9a8280def7552f1aa54eeed0a6a2f97f0a8183e6d0abe146e7ff8487,https://previous-runs-api.open-meteo.com/v1/forecast?end_date=2026-03-02&hourly=wind_speed_10m_previous_day1%2Cwind_speed_10m_previous_day2%2Cwind_speed_100m_previous_day1%2Cwind_speed_100m_previous_day2%2Cwind_direction_10m_previous_day1%2Cwind_direction_10m_previous_day2%2Cwind_direction_100m_previous_day1%2Cwind_direction_100m_previous_day2%2Ctemperature_2m_previous_day1%2Ctemperature_2m_previous_day2%2Csurface_pressure_previous_day1%2Csurface_pressure_previous_day2%2Crelative_humidity_2m_previous_day1%2Crelative_humidity_2m_previous_day2%2Cwind_gusts_10m_previous_day1%2Cwind_gusts_10m_previous_day2&latitude=43.64515&longitude=78.535604&models=gfs_global&start_date=2026-02-22&temperature_unit=celsius&timezone=GMT&wind_speed_unit=ms,2026-09-23T10:48:50.032511+00:00,,43.638138,78.515625
gfs,gfs_global,turbine_2,2023-03-10,2023-06-07,200,2160,2160,2156eed50de5b9c14a5a5b57ab470f94c1d61cf10622c01b0e2448a598c11e5e,40bf407afcbea4c0b432fc1c20ccc26912089f2cad5783a2408f77a99aa35071,https://previous-runs-api.open-meteo.com/v1/forecast?end_date=2023-06-07&hourly=wind_speed_10m_previous_day1%2Cwind_speed_10m_previous_day2%2Cwind_speed_100m_previous_day1%2Cwind_speed_100m_previous_day2%2Cwind_direction_10m_previous_day1%2Cwind_direction_10m_previous_day2%2Cwind_direction_100m_previous_day1%2Cwind_direction_100m_previous_day2%2Ctemperature_2m_previous_day1%2Ctemperature_2m_previous_day2%2Csurface_pressure_previous_day1%2Csurface_pressure_previous_day2%2Crelative_humidity_2m_previous_day1%2Crelative_humidity_2m_previous_day2%2Cwind_gusts_10m_previous_day1%2Cwind_gusts_10m_previous_day2&latitude=43.643198&longitude=78.538828&models=gfs_global&start_date=2023-03-10&temperature_unit=celsius&timezone=GMT&wind_speed_unit=ms,2026-09-23T10:48:51.778027+00:00,,43.638138,78.515625
gfs,gfs_global,turbine_2,2023-06-08,2023-09-05,200,2160,2160,a08899bcdc296ab09eea8ff8c2cd4632b1ccb82c068801ac4b31ca94d169a99f,9be5fa2fe502b58f484d375af37ee2f549d4bd607ba05ecc391848c287069581,https://previous-runs-api.open-meteo.com/v1/forecast?end_date=2023-09-05&hourly=wind_speed_10m_previous_day1%2Cwind_speed_10m_previous_day2%2Cwind_speed_100m_previous_day1%2Cwind_speed_100m_previous_day2%2Cwind_direction_10m_previous_day1%2Cwind_direction_10m_previous_day2%2Cwind_direction_100m_previous_day1%2Cwind_direction_100m_previous_day2%2Ctemperature_2m_previous_day1%2Ctemperature_2m_previous_day2%2Csurface_pressure_previous_day1%2Csurface_pressure_previous_day2%2Crelative_humidity_2m_previous_day1%2Crelative_humidity_2m_previous_day2%2Cwind_gusts_10m_previous_day1%2Cwind_gusts_10m_previous_day2&latitude=43.643198&longitude=78.538828&models=gfs_global&start_date=2023-06-08&temperature_unit=celsius&timezone=GMT&wind_speed_unit=ms,2026-09-23T10:48:53.522860+00:00,,43.638138,78.515625
gfs,gfs_global,turbine_2,2023-09-06,2023-12-04,200,2160,2160,810cb73867c1cb3f52ea57711e48013242d2e490c6778ee476e5574d3d96e3bf,37c8ab182d4596fcbc5cd031f0e729e58371b768d13806a1cc6120adf133fdd8,https://previous-runs-api.open-meteo.com/v1/forecast?end_date=2023-12-04&hourly=wind_speed_10m_previous_day1%2Cwind_speed_10m_previous_day2%2Cwind_speed_100m_previous_day1%2Cwind_speed_100m_previous_day2%2Cwind_direction_10m_previous_day1%2Cwind_direction_10m_previous_day2%2Cwind_direction_100m_previous_day1%2Cwind_direction_100m_previous_day2%2Ctemperature_2m_previous_day1%2Ctemperature_2m_previous_day2%2Csurface_pressure_previous_day1%2Csurface_pressure_previous_day2%2Crelative_humidity_2m_previous_day1%2Crelative_humidity_2m_previous_day2%2Cwind_gusts_10m_previous_day1%2Cwind_gusts_10m_previous_day2&latitude=43.643198&longitude=78.538828&models=gfs_global&start_date=2023-09-06&temperature_unit=celsius&timezone=GMT&wind_speed_unit=ms,2026-09-23T10:48:55.301088+00:00,,43.638138,78.515625
gfs,gfs_global,turbine_2,2023-12-05,2024-03-03,200,2160,2160,8dc097c2c8e1563c2b3c628ac81706d7e2bf2cef7b47619b12aaee2b398f6ded,ec9fd6d974551fd7c14a418d58b21a9124678033025aba995099e4cd564a8297,https://previous-runs-api.open-meteo.com/v1/forecast?end_date=2024-03-03&hourly=wind_speed_10m_previous_day1%2Cwind_speed_10m_previous_day2%2Cwind_speed_100m_previous_day1%2Cwind_speed_100m_previous_day2%2Cwind_direction_10m_previous_day1%2Cwind_direction_10m_previous_day2%2Cwind_direction_100m_previous_day1%2Cwind_direction_100m_previous_day2%2Ctemperature_2m_previous_day1%2Ctemperature_2m_previous_day2%2Csurface_pressure_previous_day1%2Csurface_pressure_previous_day2%2Crelative_humidity_2m_previous_day1%2Crelative_humidity_2m_previous_day2%2Cwind_gusts_10m_previous_day1%2Cwind_gusts_10m_previous_day2&latitude=43.643198&longitude=78.538828&models=gfs_global&start_date=2023-12-05&temperature_unit=celsius&timezone=GMT&wind_speed_unit=ms,2026-09-23T10:48:57.008320+00:00,,43.638138,78.515625
gfs,gfs_global,turbine_2,2024-03-04,2024-06-01,200,2160,2160,c7392c30169af6312958b734e911269b74621a16dc70c28e988600a027f72cd8,5ad4f6b87015ba9dd0a0d7d2323cadad2ad923f520a149cd6aa86117f565607c,https://previous-runs-api.open-meteo.com/v1/forecast?end_date=2024-06-01&hourly=wind_speed_10m_previous_day1%2Cwind_speed_10m_previous_day2%2Cwind_speed_100m_previous_day1%2Cwind_speed_100m_previous_day2%2Cwind_direction_10m_previous_day1%2Cwind_direction_10m_previous_day2%2Cwind_direction_100m_previous_day1%2Cwind_direction_100m_previous_day2%2Ctemperature_2m_previous_day1%2Ctemperature_2m_previous_day2%2Csurface_pressure_previous_day1%2Csurface_pressure_previous_day2%2Crelative_humidity_2m_previous_day1%2Crelative_humidity_2m_previous_day2%2Cwind_gusts_10m_previous_day1%2Cwind_gusts_10m_previous_day2&latitude=43.643198&longitude=78.538828&models=gfs_global&start_date=2024-03-04&temperature_unit=celsius&timezone=GMT&wind_speed_unit=ms,2026-09-23T10:48:58.785485+00:00,,43.638138,78.515625
gfs,gfs_global,turbine_2,2024-06-02,2024-08-30,200,2160,2160,51f750fc929b6127e4f75712d61a3a7dfffd83d71e6869db8c5eaad8af065501,dfaa43d418e59a5b6a795bc36ed3838c55151d1caad401d5ebf241dde98ca9bb,https://previous-runs-api.open-meteo.com/v1/forecast?end_date=2024-08-30&hourly=wind_speed_10m_previous_day1%2Cwind_speed_10m_previous_day2%2Cwind_speed_100m_previous_day1%2Cwind_speed_100m_previous_day2%2Cwind_direction_10m_previous_day1%2Cwind_direction_10m_previous_day2%2Cwind_direction_100m_previous_day1%2Cwind_direction_100m_previous_day2%2Ctemperature_2m_previous_day1%2Ctemperature_2m_previous_day2%2Csurface_pressure_previous_day1%2Csurface_pressure_previous_day2%2Crelative_humidity_2m_previous_day1%2Crelative_humidity_2m_previous_day2%2Cwind_gusts_10m_previous_day1%2Cwind_gusts_10m_previous_day2&latitude=43.643198&longitude=78.538828&models=gfs_global&start_date=2024-06-02&temperature_unit=celsius&timezone=GMT&wind_speed_unit=ms,2026-09-23T10:49:00.568364+00:00,,43.638138,78.515625
gfs,gfs_global,turbine_2,2024-08-31,2024-11-28,200,2160,2160,e1592cfdb28d4e1e63e3aa6a3eb650112cc3d7aed191b084797bcccb9142303d,9271b8625278503f7ca1855c10afa9844fb6156c4a365d7a205a068710da9659,https://previous-runs-api.open-meteo.com/v1/forecast?end_date=2024-11-28&hourly=wind_speed_10m_previous_day1%2Cwind_speed_10m_previous_day2%2Cwind_speed_100m_previous_day1%2Cwind_speed_100m_previous_day2%2Cwind_direction_10m_previous_day1%2Cwind_direction_10m_previous_day2%2Cwind_direction_100m_previous_day1%2Cwind_direction_100m_previous_day2%2Ctemperature_2m_previous_day1%2Ctemperature_2m_previous_day2%2Csurface_pressure_previous_day1%2Csurface_pressure_previous_day2%2Crelative_humidity_2m_previous_day1%2Crelative_humidity_2m_previous_day2%2Cwind_gusts_10m_previous_day1%2Cwind_gusts_10m_previous_day2&latitude=43.643198&longitude=78.538828&models=gfs_global&start_date=2024-08-31&temperature_unit=celsius&timezone=GMT&wind_speed_unit=ms,2026-09-23T10:49:02.298253+00:00,,43.638138,78.515625
gfs,gfs_global,turbine_2,2024-11-29,2025-02-26,200,2160,2160,9d8717a030b1fea64b00a811c25703606d31460841e1d4699da2ea15bab56d0c,c0efb3168aef234f4c4947a67c5fe066bf442cb381a02c33ca5d6a8295757524,https://previous-runs-api.open-meteo.com/v1/forecast?end_date=2025-02-26&hourly=wind_speed_10m_previous_day1%2Cwind_speed_10m_previous_day2%2Cwind_speed_100m_previous_day1%2Cwind_speed_100m_previous_day2%2Cwind_direction_10m_previous_day1%2Cwind_direction_10m_previous_day2%2Cwind_direction_100m_previous_day1%2Cwind_direction_100m_previous_day2%2Ctemperature_2m_previous_day1%2Ctemperature_2m_previous_day2%2Csurface_pressure_previous_day1%2Csurface_pressure_previous_day2%2Crelative_humidity_2m_previous_day1%2Crelative_humidity_2m_previous_day2%2Cwind_gusts_10m_previous_day1%2Cwind_gusts_10m_previous_day2&latitude=43.643198&longitude=78.538828&models=gfs_global&start_date=2024-11-29&temperature_unit=celsius&timezone=GMT&wind_speed_unit=ms,2026-09-23T10:49:04.080266+00:00,,43.638138,78.515625
gfs,gfs_global,turbine_2,2025-02-27,2025-05-27,200,2160,2160,ead2097b02aca64f77ef5d440e147de477c2b112920cfbbe54370302786ba9ad,c05398d2803efaa864391b7fdd4e1c3e301cf54f16f8335c65c58334f4bbb2d2,https://previous-runs-api.open-meteo.com/v1/forecast?end_date=2025-05-27&hourly=wind_speed_10m_previous_day1%2Cwind_speed_10m_previous_day2%2Cwind_speed_100m_previous_day1%2Cwind_speed_100m_previous_day2%2Cwind_direction_10m_previous_day1%2Cwind_direction_10m_previous_day2%2Cwind_direction_100m_previous_day1%2Cwind_direction_100m_previous_day2%2Ctemperature_2m_previous_day1%2Ctemperature_2m_previous_day2%2Csurface_pressure_previous_day1%2Csurface_pressure_previous_day2%2Crelative_humidity_2m_previous_day1%2Crelative_humidity_2m_previous_day2%2Cwind_gusts_10m_previous_day1%2Cwind_gusts_10m_previous_day2&latitude=43.643198&longitude=78.538828&models=gfs_global&start_date=2025-02-27&temperature_unit=celsius&timezone=GMT&wind_speed_unit=ms,2026-09-23T10:49:05.861401+00:00,,43.638138,78.515625
gfs,gfs_global,turbine_2,2025-05-28,2025-08-25,200,2160,2160,91aeb64e442ae6966c874ea6bd4570dec997ea2f4a1fa5bc00b10cc5bb23fc59,e826aadb107e52b424ca7486099bb81ed7e5895609bd379caaf444fa5a674142,https://previous-runs-api.open-meteo.com/v1/forecast?end_date=2025-08-25&hourly=wind_speed_10m_previous_day1%2Cwind_speed_10m_previous_day2%2Cwind_speed_100m_previous_day1%2Cwind_speed_100m_previous_day2%2Cwind_direction_10m_previous_day1%2Cwind_direction_10m_previous_day2%2Cwind_direction_100m_previous_day1%2Cwind_direction_100m_previous_day2%2Ctemperature_2m_previous_day1%2Ctemperature_2m_previous_day2%2Csurface_pressure_previous_day1%2Csurface_pressure_previous_day2%2Crelative_humidity_2m_previous_day1%2Crelative_humidity_2m_previous_day2%2Cwind_gusts_10m_previous_day1%2Cwind_gusts_10m_previous_day2&latitude=43.643198&longitude=78.538828&models=gfs_global&start_date=2025-05-28&temperature_unit=celsius&timezone=GMT&wind_speed_unit=ms,2026-09-23T10:49:07.590601+00:00,,43.638138,78.515625
gfs,gfs_global,turbine_2,2025-08-26,2025-11-23,200,2160,2160,03dd771747d8ca01fa999082b26f845922884140b8fbd9911bd1f4c697f1e6a0,48ca944ea90149ad6e394b1fca1aac0ebbdc95767712d7245f67c7dd360e164a,https://previous-runs-api.open-meteo.com/v1/forecast?end_date=2025-11-23&hourly=wind_speed_10m_previous_day1%2Cwind_speed_10m_previous_day2%2Cwind_speed_100m_previous_day1%2Cwind_speed_100m_previous_day2%2Cwind_direction_10m_previous_day1%2Cwind_direction_10m_previous_day2%2Cwind_direction_100m_previous_day1%2Cwind_direction_100m_previous_day2%2Ctemperature_2m_previous_day1%2Ctemperature_2m_previous_day2%2Csurface_pressure_previous_day1%2Csurface_pressure_previous_day2%2Crelative_humidity_2m_previous_day1%2Crelative_humidity_2m_previous_day2%2Cwind_gusts_10m_previous_day1%2Cwind_gusts_10m_previous_day2&latitude=43.643198&longitude=78.538828&models=gfs_global&start_date=2025-08-26&temperature_unit=celsius&timezone=GMT&wind_speed_unit=ms,2026-09-23T10:49:09.329113+00:00,,43.638138,78.515625
gfs,gfs_global,turbine_2,2025-11-24,2026-02-21,200,2160,2160,303ef52b21f420f784e4d8fe56d6388268acd534c23d84805d5b3eb45aa41df3,36a77d9df7f41973fc19b9197df4293ce8b791b7388b8defe967f266924e5d2a,https://previous-runs-api.open-meteo.com/v1/forecast?end_date=2026-02-21&hourly=wind_speed_10m_previous_day1%2Cwind_speed_10m_previous_day2%2Cwind_speed_100m_previous_day1%2Cwind_speed_100m_previous_day2%2Cwind_direction_10m_previous_day1%2Cwind_direction_10m_previous_day2%2Cwind_direction_100m_previous_day1%2Cwind_direction_100m_previous_day2%2Ctemperature_2m_previous_day1%2Ctemperature_2m_previous_day2%2Csurface_pressure_previous_day1%2Csurface_pressure_previous_day2%2Crelative_humidity_2m_previous_day1%2Crelative_humidity_2m_previous_day2%2Cwind_gusts_10m_previous_day1%2Cwind_gusts_10m_previous_day2&latitude=43.643198&longitude=78.538828&models=gfs_global&start_date=2025-11-24&temperature_unit=celsius&timezone=GMT&wind_speed_unit=ms,2026-09-23T10:49:11.059591+00:00,,43.638138,78.515625
gfs,gfs_global,turbine_2,2026-02-22,2026-03-02,200,216,216,0edf621089849c483c36a65c4db2599acd1f6faa982b1b82c1dd318af39d6ee5,27ef944ce5e6fcd3e573460e4842700d64e3ef562fdba30ac001fd5a69d38296,https://previous-runs-api.open-meteo.com/v1/forecast?end_date=2026-03-02&hourly=wind_speed_10m_previous_day1%2Cwind_speed_10m_previous_day2%2Cwind_speed_100m_previous_day1%2Cwind_speed_100m_previous_day2%2Cwind_direction_10m_previous_day1%2Cwind_direction_10m_previous_day2%2Cwind_direction_100m_previous_day1%2Cwind_direction_100m_previous_day2%2Ctemperature_2m_previous_day1%2Ctemperature_2m_previous_day2%2Csurface_pressure_previous_day1%2Csurface_pressure_previous_day2%2Crelative_humidity_2m_previous_day1%2Crelative_humidity_2m_previous_day2%2Cwind_gusts_10m_previous_day1%2Cwind_gusts_10m_previous_day2&latitude=43.643198&longitude=78.538828&models=gfs_global&start_date=2026-02-22&temperature_unit=celsius&timezone=GMT&wind_speed_unit=ms,2026-09-23T10:49:12.529899+00:00,,43.638138,78.515625
icon,icon_global,turbine_1,2023-03-10,2023-06-07,200,2160,2160,aed16af23e14070b8dcd1e6fdfeb61d956bc61176536c32c186bb38acb15bbd6,d7fe47e75ff074ab1275ceec0b5b99fa18c9ca0d708274b6d3228295cdb14082,https://previous-runs-api.open-meteo.com/v1/forecast?end_date=2023-06-07&hourly=wind_speed_10m_previous_day1%2Cwind_speed_10m_previous_day2%2Cwind_speed_100m_previous_day1%2Cwind_speed_100m_previous_day2%2Cwind_direction_10m_previous_day1%2Cwind_direction_10m_previous_day2%2Cwind_direction_100m_previous_day1%2Cwind_direction_100m_previous_day2%2Ctemperature_2m_previous_day1%2Ctemperature_2m_previous_day2%2Csurface_pressure_previous_day1%2Csurface_pressure_previous_day2%2Crelative_humidity_2m_previous_day1%2Crelative_humidity_2m_previous_day2%2Cwind_gusts_10m_previous_day1%2Cwind_gusts_10m_previous_day2&latitude=43.64515&longitude=78.535604&models=icon_global&start_date=2023-03-10&temperature_unit=celsius&timezone=GMT&wind_speed_unit=ms,2026-09-23T10:49:14.352627+00:00,,43.625,78.5
icon,icon_global,turbine_1,2023-06-08,2023-09-05,200,2160,2160,2b9c59fb74f24a8b49caaeab1dcfbde6396cd536bdd13077c298118179fac41d,da4eae6596f812388e2f56b041a6707bc35c769b75455a755c3ed3760c5cc761,https://previous-runs-api.open-meteo.com/v1/forecast?end_date=2023-09-05&hourly=wind_speed_10m_previous_day1%2Cwind_speed_10m_previous_day2%2Cwind_speed_100m_previous_day1%2Cwind_speed_100m_previous_day2%2Cwind_direction_10m_previous_day1%2Cwind_direction_10m_previous_day2%2Cwind_direction_100m_previous_day1%2Cwind_direction_100m_previous_day2%2Ctemperature_2m_previous_day1%2Ctemperature_2m_previous_day2%2Csurface_pressure_previous_day1%2Csurface_pressure_previous_day2%2Crelative_humidity_2m_previous_day1%2Crelative_humidity_2m_previous_day2%2Cwind_gusts_10m_previous_day1%2Cwind_gusts_10m_previous_day2&latitude=43.64515&longitude=78.535604&models=icon_global&start_date=2023-06-08&temperature_unit=celsius&timezone=GMT&wind_speed_unit=ms,2026-09-23T10:49:16.092477+00:00,,43.625,78.5
icon,icon_global,turbine_1,2023-09-06,2023-12-04,200,2160,2160,0dbc4eb98a644eb7b1c29209b5bbb074fe4da7deb3f2ed959f7fdf19dfe78237,e414373fc9e3b60eb82051b2692b201b61a44320ecd931db646132ab59b1caed,https://previous-runs-api.open-meteo.com/v1/forecast?end_date=2023-12-04&hourly=wind_speed_10m_previous_day1%2Cwind_speed_10m_previous_day2%2Cwind_speed_100m_previous_day1%2Cwind_speed_100m_previous_day2%2Cwind_direction_10m_previous_day1%2Cwind_direction_10m_previous_day2%2Cwind_direction_100m_previous_day1%2Cwind_direction_100m_previous_day2%2Ctemperature_2m_previous_day1%2Ctemperature_2m_previous_day2%2Csurface_pressure_previous_day1%2Csurface_pressure_previous_day2%2Crelative_humidity_2m_previous_day1%2Crelative_humidity_2m_previous_day2%2Cwind_gusts_10m_previous_day1%2Cwind_gusts_10m_previous_day2&latitude=43.64515&longitude=78.535604&models=icon_global&start_date=2023-09-06&temperature_unit=celsius&timezone=GMT&wind_speed_unit=ms,2026-09-23T10:49:17.801633+00:00,,43.625,78.5
icon,icon_global,turbine_1,2023-12-05,2024-03-03,200,2160,2160,4d5fb3f853d8b2de1d25b0ec4bce532968e95602bb228b5132903c427ae2a5c4,d2963191c65e6ac06a73e8fe2cc633aff4069113757c1555c62c28dbad125729,https://previous-runs-api.open-meteo.com/v1/forecast?end_date=2024-03-03&hourly=wind_speed_10m_previous_day1%2Cwind_speed_10m_previous_day2%2Cwind_speed_100m_previous_day1%2Cwind_speed_100m_previous_day2%2Cwind_direction_10m_previous_day1%2Cwind_direction_10m_previous_day2%2Cwind_direction_100m_previous_day1%2Cwind_direction_100m_previous_day2%2Ctemperature_2m_previous_day1%2Ctemperature_2m_previous_day2%2Csurface_pressure_previous_day1%2Csurface_pressure_previous_day2%2Crelative_humidity_2m_previous_day1%2Crelative_humidity_2m_previous_day2%2Cwind_gusts_10m_previous_day1%2Cwind_gusts_10m_previous_day2&latitude=43.64515&longitude=78.535604&models=icon_global&start_date=2023-12-05&temperature_unit=celsius&timezone=GMT&wind_speed_unit=ms,2026-09-23T10:49:19.743282+00:00,,43.625,78.5
icon,icon_global,turbine_1,2024-03-04,2024-06-01,200,2160,2160,ef356124b2362f70a45df1060dac87dbc9728472f300a4c0c0dca81e871da587,0c40ba13cb64c8fa0d4a0e8390cd211143b5ea94f382f87ea738f6b038e83b17,https://previous-runs-api.open-meteo.com/v1/forecast?end_date=2024-06-01&hourly=wind_speed_10m_previous_day1%2Cwind_speed_10m_previous_day2%2Cwind_speed_100m_previous_day1%2Cwind_speed_100m_previous_day2%2Cwind_direction_10m_previous_day1%2Cwind_direction_10m_previous_day2%2Cwind_direction_100m_previous_day1%2Cwind_direction_100m_previous_day2%2Ctemperature_2m_previous_day1%2Ctemperature_2m_previous_day2%2Csurface_pressure_previous_day1%2Csurface_pressure_previous_day2%2Crelative_humidity_2m_previous_day1%2Crelative_humidity_2m_previous_day2%2Cwind_gusts_10m_previous_day1%2Cwind_gusts_10m_previous_day2&latitude=43.64515&longitude=78.535604&models=icon_global&start_date=2024-03-04&temperature_unit=celsius&timezone=GMT&wind_speed_unit=ms,2026-09-23T10:49:21.862946+00:00,,43.625,78.5
icon,icon_global,turbine_1,2024-06-02,2024-08-30,200,2160,2160,3c14dd67676fa0f304bc27c74ef7d82ebc3ff2f0bd8d337aab6f71bc3fb8f905,8f5d5cb418a23078b2cc88b61d845e336c7a983ed3c765f87b8e83e4749a2f8c,https://previous-runs-api.open-meteo.com/v1/forecast?end_date=2024-08-30&hourly=wind_speed_10m_previous_day1%2Cwind_speed_10m_previous_day2%2Cwind_speed_100m_previous_day1%2Cwind_speed_100m_previous_day2%2Cwind_direction_10m_previous_day1%2Cwind_direction_10m_previous_day2%2Cwind_direction_100m_previous_day1%2Cwind_direction_100m_previous_day2%2Ctemperature_2m_previous_day1%2Ctemperature_2m_previous_day2%2Csurface_pressure_previous_day1%2Csurface_pressure_previous_day2%2Crelative_humidity_2m_previous_day1%2Crelative_humidity_2m_previous_day2%2Cwind_gusts_10m_previous_day1%2Cwind_gusts_10m_previous_day2&latitude=43.64515&longitude=78.535604&models=icon_global&start_date=2024-06-02&temperature_unit=celsius&timezone=GMT&wind_speed_unit=ms,2026-09-23T10:49:23.979870+00:00,,43.625,78.5
icon,icon_global,turbine_1,2024-08-31,2024-11-28,200,2160,2160,ab32562319087b7bafb435a7810cad8dc0b243d22ac25b5268abbac557e891a2,8cd5f58fcf311d5e4abbb3aa5f1a8f1310e458a4bc4f63039f7e18af02f37674,https://previous-runs-api.open-meteo.com/v1/forecast?end_date=2024-11-28&hourly=wind_speed_10m_previous_day1%2Cwind_speed_10m_previous_day2%2Cwind_speed_100m_previous_day1%2Cwind_speed_100m_previous_day2%2Cwind_direction_10m_previous_day1%2Cwind_direction_10m_previous_day2%2Cwind_direction_100m_previous_day1%2Cwind_direction_100m_previous_day2%2Ctemperature_2m_previous_day1%2Ctemperature_2m_previous_day2%2Csurface_pressure_previous_day1%2Csurface_pressure_previous_day2%2Crelative_humidity_2m_previous_day1%2Crelative_humidity_2m_previous_day2%2Cwind_gusts_10m_previous_day1%2Cwind_gusts_10m_previous_day2&latitude=43.64515&longitude=78.535604&models=icon_global&start_date=2024-08-31&temperature_unit=celsius&timezone=GMT&wind_speed_unit=ms,2026-09-23T10:49:26.025825+00:00,,43.625,78.5
icon,icon_global,turbine_1,2024-11-29,2025-02-26,200,2160,2160,065f3d510f5f071d0f4d2b068d4a2b9fcbf6a1bda7ab9e17a2a4a8a9a9884692,9e840093c75b58c2c77e0bf76df85949401f43998c7b3c9baec683e929f2e9dd,https://previous-runs-api.open-meteo.com/v1/forecast?end_date=2025-02-26&hourly=wind_speed_10m_previous_day1%2Cwind_speed_10m_previous_day2%2Cwind_speed_100m_previous_day1%2Cwind_speed_100m_previous_day2%2Cwind_direction_10m_previous_day1%2Cwind_direction_10m_previous_day2%2Cwind_direction_100m_previous_day1%2Cwind_direction_100m_previous_day2%2Ctemperature_2m_previous_day1%2Ctemperature_2m_previous_day2%2Csurface_pressure_previous_day1%2Csurface_pressure_previous_day2%2Crelative_humidity_2m_previous_day1%2Crelative_humidity_2m_previous_day2%2Cwind_gusts_10m_previous_day1%2Cwind_gusts_10m_previous_day2&latitude=43.64515&longitude=78.535604&models=icon_global&start_date=2024-11-29&temperature_unit=celsius&timezone=GMT&wind_speed_unit=ms,2026-09-23T10:49:28.138217+00:00,,43.625,78.5
icon,icon_global,turbine_1,2025-02-27,2025-05-27,200,2160,2160,98264da2091030a190ccf732c024f6cb712c65f62265cd32c1d3f457b0fd112b,36e43d8e4e62a70e3b85c1af9913297000e5cf826de84716401ebeb4777faf25,https://previous-runs-api.open-meteo.com/v1/forecast?end_date=2025-05-27&hourly=wind_speed_10m_previous_day1%2Cwind_speed_10m_previous_day2%2Cwind_speed_100m_previous_day1%2Cwind_speed_100m_previous_day2%2Cwind_direction_10m_previous_day1%2Cwind_direction_10m_previous_day2%2Cwind_direction_100m_previous_day1%2Cwind_direction_100m_previous_day2%2Ctemperature_2m_previous_day1%2Ctemperature_2m_previous_day2%2Csurface_pressure_previous_day1%2Csurface_pressure_previous_day2%2Crelative_humidity_2m_previous_day1%2Crelative_humidity_2m_previous_day2%2Cwind_gusts_10m_previous_day1%2Cwind_gusts_10m_previous_day2&latitude=43.64515&longitude=78.535604&models=icon_global&start_date=2025-02-27&temperature_unit=celsius&timezone=GMT&wind_speed_unit=ms,2026-09-23T10:49:30.202171+00:00,,43.625,78.5
icon,icon_global,turbine_1,2025-05-28,2025-08-25,200,2160,2160,7d231e7da2ba6820c98178e73b24401e4e54c4084f9371090226eee8c3007c49,3b6542b1492534a82d98d1813f83aecc24720f599c2869aca749c19cf22d9e3b,https://previous-runs-api.open-meteo.com/v1/forecast?end_date=2025-08-25&hourly=wind_speed_10m_previous_day1%2Cwind_speed_10m_previous_day2%2Cwind_speed_100m_previous_day1%2Cwind_speed_100m_previous_day2%2Cwind_direction_10m_previous_day1%2Cwind_direction_10m_previous_day2%2Cwind_direction_100m_previous_day1%2Cwind_direction_100m_previous_day2%2Ctemperature_2m_previous_day1%2Ctemperature_2m_previous_day2%2Csurface_pressure_previous_day1%2Csurface_pressure_previous_day2%2Crelative_humidity_2m_previous_day1%2Crelative_humidity_2m_previous_day2%2Cwind_gusts_10m_previous_day1%2Cwind_gusts_10m_previous_day2&latitude=43.64515&longitude=78.535604&models=icon_global&start_date=2025-05-28&temperature_unit=celsius&timezone=GMT&wind_speed_unit=ms,2026-09-23T10:49:32.250268+00:00,,43.625,78.5
icon,icon_global,turbine_1,2025-08-26,2025-11-23,200,2160,2160,02dd12bd8c990d9a5dbcfaeea9596d404a9540caa61a130a83286c188312c029,3b762ee641eff64d6e4b6af79fb112ba84005715eaf5d3c2580452f498bf287d,https://previous-runs-api.open-meteo.com/v1/forecast?end_date=2025-11-23&hourly=wind_speed_10m_previous_day1%2Cwind_speed_10m_previous_day2%2Cwind_speed_100m_previous_day1%2Cwind_speed_100m_previous_day2%2Cwind_direction_10m_previous_day1%2Cwind_direction_10m_previous_day2%2Cwind_direction_100m_previous_day1%2Cwind_direction_100m_previous_day2%2Ctemperature_2m_previous_day1%2Ctemperature_2m_previous_day2%2Csurface_pressure_previous_day1%2Csurface_pressure_previous_day2%2Crelative_humidity_2m_previous_day1%2Crelative_humidity_2m_previous_day2%2Cwind_gusts_10m_previous_day1%2Cwind_gusts_10m_previous_day2&latitude=43.64515&longitude=78.535604&models=icon_global&start_date=2025-08-26&temperature_unit=celsius&timezone=GMT&wind_speed_unit=ms,2026-09-23T10:49:34.231086+00:00,,43.625,78.5
icon,icon_global,turbine_1,2025-11-24,2026-02-21,200,2160,2160,e193cb8734aefa84b08ade8f3bc3b361dbd07f2b74f1a8793556f428abe9f1e7,ce3e86ce221dc2bee24d563e69fd24fcea9a28e6a7e311607b4dd4f234ec1b2c,https://previous-runs-api.open-meteo.com/v1/forecast?end_date=2026-02-21&hourly=wind_speed_10m_previous_day1%2Cwind_speed_10m_previous_day2%2Cwind_speed_100m_previous_day1%2Cwind_speed_100m_previous_day2%2Cwind_direction_10m_previous_day1%2Cwind_direction_10m_previous_day2%2Cwind_direction_100m_previous_day1%2Cwind_direction_100m_previous_day2%2Ctemperature_2m_previous_day1%2Ctemperature_2m_previous_day2%2Csurface_pressure_previous_day1%2Csurface_pressure_previous_day2%2Crelative_humidity_2m_previous_day1%2Crelative_humidity_2m_previous_day2%2Cwind_gusts_10m_previous_day1%2Cwind_gusts_10m_previous_day2&latitude=43.64515&longitude=78.535604&models=icon_global&start_date=2025-11-24&temperature_unit=celsius&timezone=GMT&wind_speed_unit=ms,2026-09-23T10:49:36.287724+00:00,,43.625,78.5
icon,icon_global,turbine_1,2026-02-22,2026-03-02,200,216,216,48127353a053ac908adaa5aa8a9a6bc03e5f8f4744bfdf4aaccdac5a700be344,d6e0d88fbe57dcd898161d6dbded47ac22540337faf057319c8780dcccc2951a,https://previous-runs-api.open-meteo.com/v1/forecast?end_date=2026-03-02&hourly=wind_speed_10m_previous_day1%2Cwind_speed_10m_previous_day2%2Cwind_speed_100m_previous_day1%2Cwind_speed_100m_previous_day2%2Cwind_direction_10m_previous_day1%2Cwind_direction_10m_previous_day2%2Cwind_direction_100m_previous_day1%2Cwind_direction_100m_previous_day2%2Ctemperature_2m_previous_day1%2Ctemperature_2m_previous_day2%2Csurface_pressure_previous_day1%2Csurface_pressure_previous_day2%2Crelative_humidity_2m_previous_day1%2Crelative_humidity_2m_previous_day2%2Cwind_gusts_10m_previous_day1%2Cwind_gusts_10m_previous_day2&latitude=43.64515&longitude=78.535604&models=icon_global&start_date=2026-02-22&temperature_unit=celsius&timezone=GMT&wind_speed_unit=ms,2026-09-23T10:49:37.792020+00:00,,43.625,78.5
icon,icon_global,turbine_2,2023-03-10,2023-06-07,200,2160,2160,33e00038bb7b5cda0085bb05e1f8d431394307adda9193ceaa5b821583ba92c6,659d792202db2907a9a7e1ca80548e50bde7b32a9ec24059951fcb3553df4b3f,https://previous-runs-api.open-meteo.com/v1/forecast?end_date=2023-06-07&hourly=wind_speed_10m_previous_day1%2Cwind_speed_10m_previous_day2%2Cwind_speed_100m_previous_day1%2Cwind_speed_100m_previous_day2%2Cwind_direction_10m_previous_day1%2Cwind_direction_10m_previous_day2%2Cwind_direction_100m_previous_day1%2Cwind_direction_100m_previous_day2%2Ctemperature_2m_previous_day1%2Ctemperature_2m_previous_day2%2Csurface_pressure_previous_day1%2Csurface_pressure_previous_day2%2Crelative_humidity_2m_previous_day1%2Crelative_humidity_2m_previous_day2%2Cwind_gusts_10m_previous_day1%2Cwind_gusts_10m_previous_day2&latitude=43.643198&longitude=78.538828&models=icon_global&start_date=2023-03-10&temperature_unit=celsius&timezone=GMT&wind_speed_unit=ms,2026-09-23T10:49:39.547540+00:00,,43.625,78.5
icon,icon_global,turbine_2,2023-06-08,2023-09-05,200,2160,2160,aa74840b803981e586e44f032146c703c7235c904a25e1f05bf74497f66660bd,41876629392eb39125ec2c08e8ed8d8ecc9b6ea80ff4eb7a1be1a18782f59f86,https://previous-runs-api.open-meteo.com/v1/forecast?end_date=2023-09-05&hourly=wind_speed_10m_previous_day1%2Cwind_speed_10m_previous_day2%2Cwind_speed_100m_previous_day1%2Cwind_speed_100m_previous_day2%2Cwind_direction_10m_previous_day1%2Cwind_direction_10m_previous_day2%2Cwind_direction_100m_previous_day1%2Cwind_direction_100m_previous_day2%2Ctemperature_2m_previous_day1%2Ctemperature_2m_previous_day2%2Csurface_pressure_previous_day1%2Csurface_pressure_previous_day2%2Crelative_humidity_2m_previous_day1%2Crelative_humidity_2m_previous_day2%2Cwind_gusts_10m_previous_day1%2Cwind_gusts_10m_previous_day2&latitude=43.643198&longitude=78.538828&models=icon_global&start_date=2023-06-08&temperature_unit=celsius&timezone=GMT&wind_speed_unit=ms,2026-09-23T10:49:41.279354+00:00,,43.625,78.5
icon,icon_global,turbine_2,2023-09-06,2023-12-04,200,2160,2160,46b6e03d48a78fe31a0af772033c6361e8e3b0848ff1479bcc6c16839b5369f2,4e1ec342e4a2abff2732ec45d585b0e3d503b95e4ce11c47cf8d37e122cd16ae,https://previous-runs-api.open-meteo.com/v1/forecast?end_date=2023-12-04&hourly=wind_speed_10m_previous_day1%2Cwind_speed_10m_previous_day2%2Cwind_speed_100m_previous_day1%2Cwind_speed_100m_previous_day2%2Cwind_direction_10m_previous_day1%2Cwind_direction_10m_previous_day2%2Cwind_direction_100m_previous_day1%2Cwind_direction_100m_previous_day2%2Ctemperature_2m_previous_day1%2Ctemperature_2m_previous_day2%2Csurface_pressure_previous_day1%2Csurface_pressure_previous_day2%2Crelative_humidity_2m_previous_day1%2Crelative_humidity_2m_previous_day2%2Cwind_gusts_10m_previous_day1%2Cwind_gusts_10m_previous_day2&latitude=43.643198&longitude=78.538828&models=icon_global&start_date=2023-09-06&temperature_unit=celsius&timezone=GMT&wind_speed_unit=ms,2026-09-23T10:49:43.054082+00:00,,43.625,78.5
icon,icon_global,turbine_2,2023-12-05,2024-03-03,200,2160,2160,9bd9da8875d56494e223ff26a2ff492669e40ab8c9d0fe0f94df40b89aafcbcf,31a96069e4c2fe1fa53f62a680cc7a9ec3adad05c023f06150ba90cff293b63a,https://previous-runs-api.open-meteo.com/v1/forecast?end_date=2024-03-03&hourly=wind_speed_10m_previous_day1%2Cwind_speed_10m_previous_day2%2Cwind_speed_100m_previous_day1%2Cwind_speed_100m_previous_day2%2Cwind_direction_10m_previous_day1%2Cwind_direction_10m_previous_day2%2Cwind_direction_100m_previous_day1%2Cwind_direction_100m_previous_day2%2Ctemperature_2m_previous_day1%2Ctemperature_2m_previous_day2%2Csurface_pressure_previous_day1%2Csurface_pressure_previous_day2%2Crelative_humidity_2m_previous_day1%2Crelative_humidity_2m_previous_day2%2Cwind_gusts_10m_previous_day1%2Cwind_gusts_10m_previous_day2&latitude=43.643198&longitude=78.538828&models=icon_global&start_date=2023-12-05&temperature_unit=celsius&timezone=GMT&wind_speed_unit=ms,2026-09-23T10:49:44.830738+00:00,,43.625,78.5
icon,icon_global,turbine_2,2024-03-04,2024-06-01,200,2160,2160,f98f5b6cd8f0ce953776f07763841912b286204796bc9779bd413bcc3c4c3583,d5a46e188c567171164b7de3ccbb5df6a50035c26b69493c1461b2dd9de8261c,https://previous-runs-api.open-meteo.com/v1/forecast?end_date=2024-06-01&hourly=wind_speed_10m_previous_day1%2Cwind_speed_10m_previous_day2%2Cwind_speed_100m_previous_day1%2Cwind_speed_100m_previous_day2%2Cwind_direction_10m_previous_day1%2Cwind_direction_10m_previous_day2%2Cwind_direction_100m_previous_day1%2Cwind_direction_100m_previous_day2%2Ctemperature_2m_previous_day1%2Ctemperature_2m_previous_day2%2Csurface_pressure_previous_day1%2Csurface_pressure_previous_day2%2Crelative_humidity_2m_previous_day1%2Crelative_humidity_2m_previous_day2%2Cwind_gusts_10m_previous_day1%2Cwind_gusts_10m_previous_day2&latitude=43.643198&longitude=78.538828&models=icon_global&start_date=2024-03-04&temperature_unit=celsius&timezone=GMT&wind_speed_unit=ms,2026-09-23T10:49:46.564224+00:00,,43.625,78.5
icon,icon_global,turbine_2,2024-06-02,2024-08-30,200,2160,2160,9b35d6e013b28aa6da844fe24333471d7635241da33978dd291cf913e92490ff,046ff70daef7fa8dece8cbcb68302c963924f6cc60a55d314a7ee10581cdb026,https://previous-runs-api.open-meteo.com/v1/forecast?end_date=2024-08-30&hourly=wind_speed_10m_previous_day1%2Cwind_speed_10m_previous_day2%2Cwind_speed_100m_previous_day1%2Cwind_speed_100m_previous_day2%2Cwind_direction_10m_previous_day1%2Cwind_direction_10m_previous_day2%2Cwind_direction_100m_previous_day1%2Cwind_direction_100m_previous_day2%2Ctemperature_2m_previous_day1%2Ctemperature_2m_previous_day2%2Csurface_pressure_previous_day1%2Csurface_pressure_previous_day2%2Crelative_humidity_2m_previous_day1%2Crelative_humidity_2m_previous_day2%2Cwind_gusts_10m_previous_day1%2Cwind_gusts_10m_previous_day2&latitude=43.643198&longitude=78.538828&models=icon_global&start_date=2024-06-02&temperature_unit=celsius&timezone=GMT&wind_speed_unit=ms,2026-09-23T10:49:48.297057+00:00,,43.625,78.5
icon,icon_global,turbine_2,2024-08-31,2024-11-28,200,2160,2160,d5198322e8180b34b50af7a8b380036205d09a31246168915fc1f2bc51eb7e02,4e3d6d71caadd793956c24cf2516debcd357cd78add868892a54dad6207bac7c,https://previous-runs-api.open-meteo.com/v1/forecast?end_date=2024-11-28&hourly=wind_speed_10m_previous_day1%2Cwind_speed_10m_previous_day2%2Cwind_speed_100m_previous_day1%2Cwind_speed_100m_previous_day2%2Cwind_direction_10m_previous_day1%2Cwind_direction_10m_previous_day2%2Cwind_direction_100m_previous_day1%2Cwind_direction_100m_previous_day2%2Ctemperature_2m_previous_day1%2Ctemperature_2m_previous_day2%2Csurface_pressure_previous_day1%2Csurface_pressure_previous_day2%2Crelative_humidity_2m_previous_day1%2Crelative_humidity_2m_previous_day2%2Cwind_gusts_10m_previous_day1%2Cwind_gusts_10m_previous_day2&latitude=43.643198&longitude=78.538828&models=icon_global&start_date=2024-08-31&temperature_unit=celsius&timezone=GMT&wind_speed_unit=ms,2026-09-23T10:49:50.029769+00:00,,43.625,78.5
icon,icon_global,turbine_2,2024-11-29,2025-02-26,200,2160,2160,ed2d1d942584df3a21a455c53c8d46fa359b559703b2c0ed123cef0b9c410103,bf878b3efaa0efce0f5305fbc4d802940f0d2105f4a1761f276a93b2d8d73046,https://previous-runs-api.open-meteo.com/v1/forecast?end_date=2025-02-26&hourly=wind_speed_10m_previous_day1%2Cwind_speed_10m_previous_day2%2Cwind_speed_100m_previous_day1%2Cwind_speed_100m_previous_day2%2Cwind_direction_10m_previous_day1%2Cwind_direction_10m_previous_day2%2Cwind_direction_100m_previous_day1%2Cwind_direction_100m_previous_day2%2Ctemperature_2m_previous_day1%2Ctemperature_2m_previous_day2%2Csurface_pressure_previous_day1%2Csurface_pressure_previous_day2%2Crelative_humidity_2m_previous_day1%2Crelative_humidity_2m_previous_day2%2Cwind_gusts_10m_previous_day1%2Cwind_gusts_10m_previous_day2&latitude=43.643198&longitude=78.538828&models=icon_global&start_date=2024-11-29&temperature_unit=celsius&timezone=GMT&wind_speed_unit=ms,2026-09-23T10:49:51.811718+00:00,,43.625,78.5
icon,icon_global,turbine_2,2025-02-27,2025-05-27,200,2160,2160,9f00608aeefc39f684306c0eda520b5c280658ad8f87d570f83d3bf6c0aebf25,6e2d6529781a893d8f58321005aae686dd444c717c5673f0e2ad7c4b48d2adf5,https://previous-runs-api.open-meteo.com/v1/forecast?end_date=2025-05-27&hourly=wind_speed_10m_previous_day1%2Cwind_speed_10m_previous_day2%2Cwind_speed_100m_previous_day1%2Cwind_speed_100m_previous_day2%2Cwind_direction_10m_previous_day1%2Cwind_direction_10m_previous_day2%2Cwind_direction_100m_previous_day1%2Cwind_direction_100m_previous_day2%2Ctemperature_2m_previous_day1%2Ctemperature_2m_previous_day2%2Csurface_pressure_previous_day1%2Csurface_pressure_previous_day2%2Crelative_humidity_2m_previous_day1%2Crelative_humidity_2m_previous_day2%2Cwind_gusts_10m_previous_day1%2Cwind_gusts_10m_previous_day2&latitude=43.643198&longitude=78.538828&models=icon_global&start_date=2025-02-27&temperature_unit=celsius&timezone=GMT&wind_speed_unit=ms,2026-09-23T10:49:53.545636+00:00,,43.625,78.5
icon,icon_global,turbine_2,2025-05-28,2025-08-25,200,2160,2160,dc80d9f864808e1fb41871f162a33e5bef8be91fd876607dc7143ff82fd9f909,a89f3835c3b37994c5695eb49d957e3abdde6e5a1d46ff8e2b9421dfcffdd5be,https://previous-runs-api.open-meteo.com/v1/forecast?end_date=2025-08-25&hourly=wind_speed_10m_previous_day1%2Cwind_speed_10m_previous_day2%2Cwind_speed_100m_previous_day1%2Cwind_speed_100m_previous_day2%2Cwind_direction_10m_previous_day1%2Cwind_direction_10m_previous_day2%2Cwind_direction_100m_previous_day1%2Cwind_direction_100m_previous_day2%2Ctemperature_2m_previous_day1%2Ctemperature_2m_previous_day2%2Csurface_pressure_previous_day1%2Csurface_pressure_previous_day2%2Crelative_humidity_2m_previous_day1%2Crelative_humidity_2m_previous_day2%2Cwind_gusts_10m_previous_day1%2Cwind_gusts_10m_previous_day2&latitude=43.643198&longitude=78.538828&models=icon_global&start_date=2025-05-28&temperature_unit=celsius&timezone=GMT&wind_speed_unit=ms,2026-09-23T10:49:55.282635+00:00,,43.625,78.5
icon,icon_global,turbine_2,2025-08-26,2025-11-23,200,2160,2160,4856252fc4dfbdfa88eb4866843420dbcedcc1455d91b5d251f46b4a441ed18c,a227df84400af13eb2fce18e777c4b60cbee87a00c03937002b15d7cb5aa6a49,https://previous-runs-api.open-meteo.com/v1/forecast?end_date=2025-11-23&hourly=wind_speed_10m_previous_day1%2Cwind_speed_10m_previous_day2%2Cwind_speed_100m_previous_day1%2Cwind_speed_100m_previous_day2%2Cwind_direction_10m_previous_day1%2Cwind_direction_10m_previous_day2%2Cwind_direction_100m_previous_day1%2Cwind_direction_100m_previous_day2%2Ctemperature_2m_previous_day1%2Ctemperature_2m_previous_day2%2Csurface_pressure_previous_day1%2Csurface_pressure_previous_day2%2Crelative_humidity_2m_previous_day1%2Crelative_humidity_2m_previous_day2%2Cwind_gusts_10m_previous_day1%2Cwind_gusts_10m_previous_day2&latitude=43.643198&longitude=78.538828&models=icon_global&start_date=2025-08-26&temperature_unit=celsius&timezone=GMT&wind_speed_unit=ms,2026-09-23T10:49:57.011958+00:00,,43.625,78.5
icon,icon_global,turbine_2,2025-11-24,2026-02-21,200,2160,2160,2a6ec1af3f292b983587c899625bc47ed71703a26d8ba4771ec1fe23ab8a75fe,22420898540bd98e0719889db8b7fb172153289f3aaeebb21f4f285fc02980ac,https://previous-runs-api.open-meteo.com/v1/forecast?end_date=2026-02-21&hourly=wind_speed_10m_previous_day1%2Cwind_speed_10m_previous_day2%2Cwind_speed_100m_previous_day1%2Cwind_speed_100m_previous_day2%2Cwind_direction_10m_previous_day1%2Cwind_direction_10m_previous_day2%2Cwind_direction_100m_previous_day1%2Cwind_direction_100m_previous_day2%2Ctemperature_2m_previous_day1%2Ctemperature_2m_previous_day2%2Csurface_pressure_previous_day1%2Csurface_pressure_previous_day2%2Crelative_humidity_2m_previous_day1%2Crelative_humidity_2m_previous_day2%2Cwind_gusts_10m_previous_day1%2Cwind_gusts_10m_previous_day2&latitude=43.643198&longitude=78.538828&models=icon_global&start_date=2025-11-24&temperature_unit=celsius&timezone=GMT&wind_speed_unit=ms,2026-09-23T10:49:58.755868+00:00,,43.625,78.5
icon,icon_global,turbine_2,2026-02-22,2026-03-02,200,216,216,eaf95f88fcc70c882b3cdf18464079bb2d0d50346494fbd9d1bd1ab290e39a15,8bfe00efdc486bc4efc3ba426d005781687eb6bd92982407969c02075dfee478,https://previous-runs-api.open-meteo.com/v1/forecast?end_date=2026-03-02&hourly=wind_speed_10m_previous_day1%2Cwind_speed_10m_previous_day2%2Cwind_speed_100m_previous_day1%2Cwind_speed_100m_previous_day2%2Cwind_direction_10m_previous_day1%2Cwind_direction_10m_previous_day2%2Cwind_direction_100m_previous_day1%2Cwind_direction_100m_previous_day2%2Ctemperature_2m_previous_day1%2Ctemperature_2m_previous_day2%2Csurface_pressure_previous_day1%2Csurface_pressure_previous_day2%2Crelative_humidity_2m_previous_day1%2Crelative_humidity_2m_previous_day2%2Cwind_gusts_10m_previous_day1%2Cwind_gusts_10m_previous_day2&latitude=43.643198&longitude=78.538828&models=icon_global&start_date=2026-02-22&temperature_unit=celsius&timezone=GMT&wind_speed_unit=ms,2026-09-23T10:50:00.229646+00:00,,43.625,78.5
